"geoRegion","date","pop","sumTotal","per100PersonsTotal","type","version","granularity"
"AG",2021-01-24,685845,12973,1.89,"COVID19VaccDosesAdministered","2021-02-17_23-59-00","summary"
"AG",2021-01-25,685845,12973,1.89,"COVID19VaccDosesAdministered","2021-02-17_23-59-00","summary"
"AG",2021-01-26,685845,12973,1.89,"COVID19VaccDosesAdministered","2021-02-17_23-59-00","summary"
"AG",2021-01-27,685845,16730,2.44,"COVID19VaccDosesAdministered","2021-02-17_23-59-00","summary"
"AG",2021-01-28,685845,16730,2.44,"COVID19VaccDosesAdministered","2021-02-17_23-59-00","summary"
"AG",2021-01-29,685845,16730,2.44,"COVID19VaccDosesAdministered","2021-02-17_23-59-00","summary"
"AG",2021-01-30,685845,16730,2.44,"COVID19VaccDosesAdministered","2021-02-17_23-59-00","summary"
"AG",2021-01-31,685845,20034,2.92,"COVID19VaccDosesAdministered","2021-02-17_23-59-00","summary"
"AG",2021-02-01,685845,20034,2.92,"COVID19VaccDosesAdministered","2021-02-17_23-59-00","summary"
"AG",2021-02-02,685845,20034,2.92,"COVID19VaccDosesAdministered","2021-02-17_23-59-00","summary"
"AG",2021-02-03,685845,24812,3.62,"COVID19VaccDosesAdministered","2021-02-17_23-59-00","summary"
"AG",2021-02-04,685845,24812,3.62,"COVID19VaccDosesAdministered","2021-02-17_23-59-00","summary"
"AG",2021-02-05,685845,24812,3.62,"COVID19VaccDosesAdministered","2021-02-17_23-59-00","summary"
"AG",2021-02-06,685845,24812,3.62,"COVID19VaccDosesAdministered","2021-02-17_23-59-00","summary"
"AG",2021-02-07,685845,28490,4.15,"COVID19VaccDosesAdministered","2021-02-17_23-59-00","summary"
"AG",2021-02-08,685845,28490,4.15,"COVID19VaccDosesAdministered","2021-02-17_23-59-00","summary"
"AG",2021-02-09,685845,28490,4.15,"COVID19VaccDosesAdministered","2021-02-17_23-59-00","summary"
"AG",2021-02-10,685845,32736,4.77,"COVID19VaccDosesAdministered","2021-02-17_23-59-00","summary"
"AG",2021-02-11,685845,32736,4.77,"COVID19VaccDosesAdministered","2021-02-17_23-59-00","summary"
"AG",2021-02-12,685845,32736,4.77,"COVID19VaccDosesAdministered","2021-02-17_23-59-00","summary"
"AG",2021-02-13,685845,32736,4.77,"COVID19VaccDosesAdministered","2021-02-17_23-59-00","summary"
"AG",2021-02-14,685845,34163,4.98,"COVID19VaccDosesAdministered","2021-02-17_23-59-00","summary"
"AG",2021-02-15,685845,34163,4.98,"COVID19VaccDosesAdministered","2021-02-17_23-59-00","summary"
"AG",2021-02-16,685845,34163,4.98,"COVID19VaccDosesAdministered","2021-02-17_23-59-00","summary"
"AG",2021-02-17,685845,41131,6,"COVID19VaccDosesAdministered","2021-02-17_23-59-00","summary"
"AI",2021-01-24,16128,917,5.69,"COVID19VaccDosesAdministered","2021-02-17_23-59-00","summary"
"AI",2021-01-25,16128,917,5.69,"COVID19VaccDosesAdministered","2021-02-17_23-59-00","summary"
"AI",2021-01-26,16128,917,5.69,"COVID19VaccDosesAdministered","2021-02-17_23-59-00","summary"
"AI",2021-01-27,16128,1077,6.68,"COVID19VaccDosesAdministered","2021-02-17_23-59-00","summary"
"AI",2021-01-28,16128,1077,6.68,"COVID19VaccDosesAdministered","2021-02-17_23-59-00","summary"
"AI",2021-01-29,16128,1077,6.68,"COVID19VaccDosesAdministered","2021-02-17_23-59-00","summary"
"AI",2021-01-30,16128,1077,6.68,"COVID19VaccDosesAdministered","2021-02-17_23-59-00","summary"
"AI",2021-01-31,16128,1092,6.77,"COVID19VaccDosesAdministered","2021-02-17_23-59-00","summary"
"AI",2021-02-01,16128,1092,6.77,"COVID19VaccDosesAdministered","2021-02-17_23-59-00","summary"
"AI",2021-02-02,16128,1092,6.77,"COVID19VaccDosesAdministered","2021-02-17_23-59-00","summary"
"AI",2021-02-03,16128,1395,8.65,"COVID19VaccDosesAdministered","2021-02-17_23-59-00","summary"
"AI",2021-02-04,16128,1395,8.65,"COVID19VaccDosesAdministered","2021-02-17_23-59-00","summary"
"AI",2021-02-05,16128,1395,8.65,"COVID19VaccDosesAdministered","2021-02-17_23-59-00","summary"
"AI",2021-02-06,16128,1395,8.65,"COVID19VaccDosesAdministered","2021-02-17_23-59-00","summary"
"AI",2021-02-07,16128,1438,8.92,"COVID19VaccDosesAdministered","2021-02-17_23-59-00","summary"
"AI",2021-02-08,16128,1438,8.92,"COVID19VaccDosesAdministered","2021-02-17_23-59-00","summary"
"AI",2021-02-09,16128,1438,8.92,"COVID19VaccDosesAdministered","2021-02-17_23-59-00","summary"
"AI",2021-02-10,16128,1679,10.41,"COVID19VaccDosesAdministered","2021-02-17_23-59-00","summary"
"AI",2021-02-11,16128,1679,10.41,"COVID19VaccDosesAdministered","2021-02-17_23-59-00","summary"
"AI",2021-02-12,16128,1679,10.41,"COVID19VaccDosesAdministered","2021-02-17_23-59-00","summary"
"AI",2021-02-13,16128,1679,10.41,"COVID19VaccDosesAdministered","2021-02-17_23-59-00","summary"
"AI",2021-02-14,16128,1729,10.72,"COVID19VaccDosesAdministered","2021-02-17_23-59-00","summary"
"AI",2021-02-15,16128,1729,10.72,"COVID19VaccDosesAdministered","2021-02-17_23-59-00","summary"
"AI",2021-02-16,16128,1729,10.72,"COVID19VaccDosesAdministered","2021-02-17_23-59-00","summary"
"AI",2021-02-17,16128,2048,12.7,"COVID19VaccDosesAdministered","2021-02-17_23-59-00","summary"
"AR",2021-01-24,55445,2349,4.24,"COVID19VaccDosesAdministered","2021-02-17_23-59-00","summary"
"AR",2021-01-25,55445,2349,4.24,"COVID19VaccDosesAdministered","2021-02-17_23-59-00","summary"
"AR",2021-01-26,55445,2349,4.24,"COVID19VaccDosesAdministered","2021-02-17_23-59-00","summary"
"AR",2021-01-27,55445,2787,5.03,"COVID19VaccDosesAdministered","2021-02-17_23-59-00","summary"
"AR",2021-01-28,55445,2787,5.03,"COVID19VaccDosesAdministered","2021-02-17_23-59-00","summary"
"AR",2021-01-29,55445,2787,5.03,"COVID19VaccDosesAdministered","2021-02-17_23-59-00","summary"
"AR",2021-01-30,55445,2787,5.03,"COVID19VaccDosesAdministered","2021-02-17_23-59-00","summary"
"AR",2021-01-31,55445,3542,6.39,"COVID19VaccDosesAdministered","2021-02-17_23-59-00","summary"
"AR",2021-02-01,55445,3542,6.39,"COVID19VaccDosesAdministered","2021-02-17_23-59-00","summary"
"AR",2021-02-02,55445,3542,6.39,"COVID19VaccDosesAdministered","2021-02-17_23-59-00","summary"
"AR",2021-02-03,55445,3562,6.42,"COVID19VaccDosesAdministered","2021-02-17_23-59-00","summary"
"AR",2021-02-04,55445,3562,6.42,"COVID19VaccDosesAdministered","2021-02-17_23-59-00","summary"
"AR",2021-02-05,55445,3562,6.42,"COVID19VaccDosesAdministered","2021-02-17_23-59-00","summary"
"AR",2021-02-06,55445,3562,6.42,"COVID19VaccDosesAdministered","2021-02-17_23-59-00","summary"
"AR",2021-02-07,55445,3562,6.42,"COVID19VaccDosesAdministered","2021-02-17_23-59-00","summary"
"AR",2021-02-08,55445,3562,6.42,"COVID19VaccDosesAdministered","2021-02-17_23-59-00","summary"
"AR",2021-02-09,55445,3562,6.42,"COVID19VaccDosesAdministered","2021-02-17_23-59-00","summary"
"AR",2021-02-10,55445,3758,6.78,"COVID19VaccDosesAdministered","2021-02-17_23-59-00","summary"
"AR",2021-02-11,55445,3758,6.78,"COVID19VaccDosesAdministered","2021-02-17_23-59-00","summary"
"AR",2021-02-12,55445,3758,6.78,"COVID19VaccDosesAdministered","2021-02-17_23-59-00","summary"
"AR",2021-02-13,55445,3758,6.78,"COVID19VaccDosesAdministered","2021-02-17_23-59-00","summary"
"AR",2021-02-14,55445,3788,6.83,"COVID19VaccDosesAdministered","2021-02-17_23-59-00","summary"
"AR",2021-02-15,55445,3788,6.83,"COVID19VaccDosesAdministered","2021-02-17_23-59-00","summary"
"AR",2021-02-16,55445,3788,6.83,"COVID19VaccDosesAdministered","2021-02-17_23-59-00","summary"
"AR",2021-02-17,55445,4663,8.41,"COVID19VaccDosesAdministered","2021-02-17_23-59-00","summary"
"BE",2021-01-24,1039474,14308,1.38,"COVID19VaccDosesAdministered","2021-02-17_23-59-00","summary"
"BE",2021-01-25,1039474,14308,1.38,"COVID19VaccDosesAdministered","2021-02-17_23-59-00","summary"
"BE",2021-01-26,1039474,14308,1.38,"COVID19VaccDosesAdministered","2021-02-17_23-59-00","summary"
"BE",2021-01-27,1039474,20094,1.93,"COVID19VaccDosesAdministered","2021-02-17_23-59-00","summary"
"BE",2021-01-28,1039474,20094,1.93,"COVID19VaccDosesAdministered","2021-02-17_23-59-00","summary"
"BE",2021-01-29,1039474,20094,1.93,"COVID19VaccDosesAdministered","2021-02-17_23-59-00","summary"
"BE",2021-01-30,1039474,20094,1.93,"COVID19VaccDosesAdministered","2021-02-17_23-59-00","summary"
"BE",2021-01-31,1039474,24385,2.35,"COVID19VaccDosesAdministered","2021-02-17_23-59-00","summary"
"BE",2021-02-01,1039474,24385,2.35,"COVID19VaccDosesAdministered","2021-02-17_23-59-00","summary"
"BE",2021-02-02,1039474,24385,2.35,"COVID19VaccDosesAdministered","2021-02-17_23-59-00","summary"
"BE",2021-02-03,1039474,31375,3.02,"COVID19VaccDosesAdministered","2021-02-17_23-59-00","summary"
"BE",2021-02-04,1039474,31375,3.02,"COVID19VaccDosesAdministered","2021-02-17_23-59-00","summary"
"BE",2021-02-05,1039474,31375,3.02,"COVID19VaccDosesAdministered","2021-02-17_23-59-00","summary"
"BE",2021-02-06,1039474,31375,3.02,"COVID19VaccDosesAdministered","2021-02-17_23-59-00","summary"
"BE",2021-02-07,1039474,35523,3.42,"COVID19VaccDosesAdministered","2021-02-17_23-59-00","summary"
"BE",2021-02-08,1039474,35523,3.42,"COVID19VaccDosesAdministered","2021-02-17_23-59-00","summary"
"BE",2021-02-09,1039474,35523,3.42,"COVID19VaccDosesAdministered","2021-02-17_23-59-00","summary"
"BE",2021-02-10,1039474,42920,4.13,"COVID19VaccDosesAdministered","2021-02-17_23-59-00","summary"
"BE",2021-02-11,1039474,42920,4.13,"COVID19VaccDosesAdministered","2021-02-17_23-59-00","summary"
"BE",2021-02-12,1039474,42920,4.13,"COVID19VaccDosesAdministered","2021-02-17_23-59-00","summary"
"BE",2021-02-13,1039474,42920,4.13,"COVID19VaccDosesAdministered","2021-02-17_23-59-00","summary"
"BE",2021-02-14,1039474,50921,4.9,"COVID19VaccDosesAdministered","2021-02-17_23-59-00","summary"
"BE",2021-02-15,1039474,50921,4.9,"COVID19VaccDosesAdministered","2021-02-17_23-59-00","summary"
"BE",2021-02-16,1039474,50921,4.9,"COVID19VaccDosesAdministered","2021-02-17_23-59-00","summary"
"BE",2021-02-17,1039474,63044,6.06,"COVID19VaccDosesAdministered","2021-02-17_23-59-00","summary"
"BL",2021-01-24,289468,8315,2.87,"COVID19VaccDosesAdministered","2021-02-17_23-59-00","summary"
"BL",2021-01-25,289468,8315,2.87,"COVID19VaccDosesAdministered","2021-02-17_23-59-00","summary"
"BL",2021-01-26,289468,8315,2.87,"COVID19VaccDosesAdministered","2021-02-17_23-59-00","summary"
"BL",2021-01-27,289468,9715,3.36,"COVID19VaccDosesAdministered","2021-02-17_23-59-00","summary"
"BL",2021-01-28,289468,9715,3.36,"COVID19VaccDosesAdministered","2021-02-17_23-59-00","summary"
"BL",2021-01-29,289468,9715,3.36,"COVID19VaccDosesAdministered","2021-02-17_23-59-00","summary"
"BL",2021-01-30,289468,9715,3.36,"COVID19VaccDosesAdministered","2021-02-17_23-59-00","summary"
"BL",2021-01-31,289468,11364,3.93,"COVID19VaccDosesAdministered","2021-02-17_23-59-00","summary"
"BL",2021-02-01,289468,11364,3.93,"COVID19VaccDosesAdministered","2021-02-17_23-59-00","summary"
"BL",2021-02-02,289468,11364,3.93,"COVID19VaccDosesAdministered","2021-02-17_23-59-00","summary"
"BL",2021-02-03,289468,13740,4.75,"COVID19VaccDosesAdministered","2021-02-17_23-59-00","summary"
"BL",2021-02-04,289468,13740,4.75,"COVID19VaccDosesAdministered","2021-02-17_23-59-00","summary"
"BL",2021-02-05,289468,13740,4.75,"COVID19VaccDosesAdministered","2021-02-17_23-59-00","summary"
"BL",2021-02-06,289468,13740,4.75,"COVID19VaccDosesAdministered","2021-02-17_23-59-00","summary"
"BL",2021-02-07,289468,15321,5.29,"COVID19VaccDosesAdministered","2021-02-17_23-59-00","summary"
"BL",2021-02-08,289468,15321,5.29,"COVID19VaccDosesAdministered","2021-02-17_23-59-00","summary"
"BL",2021-02-09,289468,15321,5.29,"COVID19VaccDosesAdministered","2021-02-17_23-59-00","summary"
"BL",2021-02-10,289468,17696,6.11,"COVID19VaccDosesAdministered","2021-02-17_23-59-00","summary"
"BL",2021-02-11,289468,17696,6.11,"COVID19VaccDosesAdministered","2021-02-17_23-59-00","summary"
"BL",2021-02-12,289468,17696,6.11,"COVID19VaccDosesAdministered","2021-02-17_23-59-00","summary"
"BL",2021-02-13,289468,17696,6.11,"COVID19VaccDosesAdministered","2021-02-17_23-59-00","summary"
"BL",2021-02-14,289468,19721,6.81,"COVID19VaccDosesAdministered","2021-02-17_23-59-00","summary"
"BL",2021-02-15,289468,19721,6.81,"COVID19VaccDosesAdministered","2021-02-17_23-59-00","summary"
"BL",2021-02-16,289468,19721,6.81,"COVID19VaccDosesAdministered","2021-02-17_23-59-00","summary"
"BL",2021-02-17,289468,22603,7.81,"COVID19VaccDosesAdministered","2021-02-17_23-59-00","summary"
"BS",2021-01-24,195844,10890,5.56,"COVID19VaccDosesAdministered","2021-02-17_23-59-00","summary"
"BS",2021-01-25,195844,10890,5.56,"COVID19VaccDosesAdministered","2021-02-17_23-59-00","summary"
"BS",2021-01-26,195844,10890,5.56,"COVID19VaccDosesAdministered","2021-02-17_23-59-00","summary"
"BS",2021-01-27,195844,13204,6.74,"COVID19VaccDosesAdministered","2021-02-17_23-59-00","summary"
"BS",2021-01-28,195844,13204,6.74,"COVID19VaccDosesAdministered","2021-02-17_23-59-00","summary"
"BS",2021-01-29,195844,13204,6.74,"COVID19VaccDosesAdministered","2021-02-17_23-59-00","summary"
"BS",2021-01-30,195844,13204,6.74,"COVID19VaccDosesAdministered","2021-02-17_23-59-00","summary"
"BS",2021-01-31,195844,13754,7.02,"COVID19VaccDosesAdministered","2021-02-17_23-59-00","summary"
"BS",2021-02-01,195844,13754,7.02,"COVID19VaccDosesAdministered","2021-02-17_23-59-00","summary"
"BS",2021-02-02,195844,13754,7.02,"COVID19VaccDosesAdministered","2021-02-17_23-59-00","summary"
"BS",2021-02-03,195844,14595,7.45,"COVID19VaccDosesAdministered","2021-02-17_23-59-00","summary"
"BS",2021-02-04,195844,14595,7.45,"COVID19VaccDosesAdministered","2021-02-17_23-59-00","summary"
"BS",2021-02-05,195844,14595,7.45,"COVID19VaccDosesAdministered","2021-02-17_23-59-00","summary"
"BS",2021-02-06,195844,14595,7.45,"COVID19VaccDosesAdministered","2021-02-17_23-59-00","summary"
"BS",2021-02-07,195844,14595,7.45,"COVID19VaccDosesAdministered","2021-02-17_23-59-00","summary"
"BS",2021-02-08,195844,14595,7.45,"COVID19VaccDosesAdministered","2021-02-17_23-59-00","summary"
"BS",2021-02-09,195844,14595,7.45,"COVID19VaccDosesAdministered","2021-02-17_23-59-00","summary"
"BS",2021-02-10,195844,16443,8.4,"COVID19VaccDosesAdministered","2021-02-17_23-59-00","summary"
"BS",2021-02-11,195844,16443,8.4,"COVID19VaccDosesAdministered","2021-02-17_23-59-00","summary"
"BS",2021-02-12,195844,16443,8.4,"COVID19VaccDosesAdministered","2021-02-17_23-59-00","summary"
"BS",2021-02-13,195844,16443,8.4,"COVID19VaccDosesAdministered","2021-02-17_23-59-00","summary"
"BS",2021-02-14,195844,19137,9.77,"COVID19VaccDosesAdministered","2021-02-17_23-59-00","summary"
"BS",2021-02-15,195844,19137,9.77,"COVID19VaccDosesAdministered","2021-02-17_23-59-00","summary"
"BS",2021-02-16,195844,19137,9.77,"COVID19VaccDosesAdministered","2021-02-17_23-59-00","summary"
"BS",2021-02-17,195844,20623,10.53,"COVID19VaccDosesAdministered","2021-02-17_23-59-00","summary"
"FL",2021-01-24,38747,1155,2.98,"COVID19VaccDosesAdministered","2021-02-17_23-59-00","summary"
"FL",2021-01-25,38747,1155,2.98,"COVID19VaccDosesAdministered","2021-02-17_23-59-00","summary"
"FL",2021-01-26,38747,1155,2.98,"COVID19VaccDosesAdministered","2021-02-17_23-59-00","summary"
"FL",2021-01-27,38747,1031,2.66,"COVID19VaccDosesAdministered","2021-02-17_23-59-00","summary"
"FL",2021-01-28,38747,1031,2.66,"COVID19VaccDosesAdministered","2021-02-17_23-59-00","summary"
"FL",2021-01-29,38747,1031,2.66,"COVID19VaccDosesAdministered","2021-02-17_23-59-00","summary"
"FL",2021-01-30,38747,1031,2.66,"COVID19VaccDosesAdministered","2021-02-17_23-59-00","summary"
"FL",2021-01-31,38747,833,2.15,"COVID19VaccDosesAdministered","2021-02-17_23-59-00","summary"
"FL",2021-02-01,38747,833,2.15,"COVID19VaccDosesAdministered","2021-02-17_23-59-00","summary"
"FL",2021-02-02,38747,833,2.15,"COVID19VaccDosesAdministered","2021-02-17_23-59-00","summary"
"FL",2021-02-03,38747,833,2.15,"COVID19VaccDosesAdministered","2021-02-17_23-59-00","summary"
"FL",2021-02-04,38747,833,2.15,"COVID19VaccDosesAdministered","2021-02-17_23-59-00","summary"
"FL",2021-02-05,38747,833,2.15,"COVID19VaccDosesAdministered","2021-02-17_23-59-00","summary"
"FL",2021-02-06,38747,833,2.15,"COVID19VaccDosesAdministered","2021-02-17_23-59-00","summary"
"FL",2021-02-07,38747,833,2.15,"COVID19VaccDosesAdministered","2021-02-17_23-59-00","summary"
"FL",2021-02-08,38747,833,2.15,"COVID19VaccDosesAdministered","2021-02-17_23-59-00","summary"
"FL",2021-02-09,38747,833,2.15,"COVID19VaccDosesAdministered","2021-02-17_23-59-00","summary"
"FL",2021-02-10,38747,1018,2.63,"COVID19VaccDosesAdministered","2021-02-17_23-59-00","summary"
"FL",2021-02-11,38747,1018,2.63,"COVID19VaccDosesAdministered","2021-02-17_23-59-00","summary"
"FL",2021-02-12,38747,1018,2.63,"COVID19VaccDosesAdministered","2021-02-17_23-59-00","summary"
"FL",2021-02-13,38747,1018,2.63,"COVID19VaccDosesAdministered","2021-02-17_23-59-00","summary"
"FL",2021-02-14,38747,1165,3.01,"COVID19VaccDosesAdministered","2021-02-17_23-59-00","summary"
"FL",2021-02-15,38747,1165,3.01,"COVID19VaccDosesAdministered","2021-02-17_23-59-00","summary"
"FL",2021-02-16,38747,1165,3.01,"COVID19VaccDosesAdministered","2021-02-17_23-59-00","summary"
"FL",2021-02-17,38747,1504,3.88,"COVID19VaccDosesAdministered","2021-02-17_23-59-00","summary"
"FR",2021-01-24,321783,6084,1.89,"COVID19VaccDosesAdministered","2021-02-17_23-59-00","summary"
"FR",2021-01-25,321783,6084,1.89,"COVID19VaccDosesAdministered","2021-02-17_23-59-00","summary"
"FR",2021-01-26,321783,6084,1.89,"COVID19VaccDosesAdministered","2021-02-17_23-59-00","summary"
"FR",2021-01-27,321783,7640,2.37,"COVID19VaccDosesAdministered","2021-02-17_23-59-00","summary"
"FR",2021-01-28,321783,7640,2.37,"COVID19VaccDosesAdministered","2021-02-17_23-59-00","summary"
"FR",2021-01-29,321783,7640,2.37,"COVID19VaccDosesAdministered","2021-02-17_23-59-00","summary"
"FR",2021-01-30,321783,7640,2.37,"COVID19VaccDosesAdministered","2021-02-17_23-59-00","summary"
"FR",2021-01-31,321783,9580,2.98,"COVID19VaccDosesAdministered","2021-02-17_23-59-00","summary"
"FR",2021-02-01,321783,9580,2.98,"COVID19VaccDosesAdministered","2021-02-17_23-59-00","summary"
"FR",2021-02-02,321783,9580,2.98,"COVID19VaccDosesAdministered","2021-02-17_23-59-00","summary"
"FR",2021-02-03,321783,11769,3.66,"COVID19VaccDosesAdministered","2021-02-17_23-59-00","summary"
"FR",2021-02-04,321783,11769,3.66,"COVID19VaccDosesAdministered","2021-02-17_23-59-00","summary"
"FR",2021-02-05,321783,11769,3.66,"COVID19VaccDosesAdministered","2021-02-17_23-59-00","summary"
"FR",2021-02-06,321783,11769,3.66,"COVID19VaccDosesAdministered","2021-02-17_23-59-00","summary"
"FR",2021-02-07,321783,13920,4.33,"COVID19VaccDosesAdministered","2021-02-17_23-59-00","summary"
"FR",2021-02-08,321783,13920,4.33,"COVID19VaccDosesAdministered","2021-02-17_23-59-00","summary"
"FR",2021-02-09,321783,13920,4.33,"COVID19VaccDosesAdministered","2021-02-17_23-59-00","summary"
"FR",2021-02-10,321783,16595,5.16,"COVID19VaccDosesAdministered","2021-02-17_23-59-00","summary"
"FR",2021-02-11,321783,16595,5.16,"COVID19VaccDosesAdministered","2021-02-17_23-59-00","summary"
"FR",2021-02-12,321783,16595,5.16,"COVID19VaccDosesAdministered","2021-02-17_23-59-00","summary"
"FR",2021-02-13,321783,16595,5.16,"COVID19VaccDosesAdministered","2021-02-17_23-59-00","summary"
"FR",2021-02-14,321783,19154,5.95,"COVID19VaccDosesAdministered","2021-02-17_23-59-00","summary"
"FR",2021-02-15,321783,19154,5.95,"COVID19VaccDosesAdministered","2021-02-17_23-59-00","summary"
"FR",2021-02-16,321783,19154,5.95,"COVID19VaccDosesAdministered","2021-02-17_23-59-00","summary"
"FR",2021-02-17,321783,22052,6.85,"COVID19VaccDosesAdministered","2021-02-17_23-59-00","summary"
"GE",2021-01-24,504128,11811,2.34,"COVID19VaccDosesAdministered","2021-02-17_23-59-00","summary"
"GE",2021-01-25,504128,11811,2.34,"COVID19VaccDosesAdministered","2021-02-17_23-59-00","summary"
"GE",2021-01-26,504128,11811,2.34,"COVID19VaccDosesAdministered","2021-02-17_23-59-00","summary"
"GE",2021-01-27,504128,15117,3,"COVID19VaccDosesAdministered","2021-02-17_23-59-00","summary"
"GE",2021-01-28,504128,15117,3,"COVID19VaccDosesAdministered","2021-02-17_23-59-00","summary"
"GE",2021-01-29,504128,15117,3,"COVID19VaccDosesAdministered","2021-02-17_23-59-00","summary"
"GE",2021-01-30,504128,15117,3,"COVID19VaccDosesAdministered","2021-02-17_23-59-00","summary"
"GE",2021-01-31,504128,18012,3.57,"COVID19VaccDosesAdministered","2021-02-17_23-59-00","summary"
"GE",2021-02-01,504128,18012,3.57,"COVID19VaccDosesAdministered","2021-02-17_23-59-00","summary"
"GE",2021-02-02,504128,18012,3.57,"COVID19VaccDosesAdministered","2021-02-17_23-59-00","summary"
"GE",2021-02-03,504128,20238,4.01,"COVID19VaccDosesAdministered","2021-02-17_23-59-00","summary"
"GE",2021-02-04,504128,20238,4.01,"COVID19VaccDosesAdministered","2021-02-17_23-59-00","summary"
"GE",2021-02-05,504128,20238,4.01,"COVID19VaccDosesAdministered","2021-02-17_23-59-00","summary"
"GE",2021-02-06,504128,20238,4.01,"COVID19VaccDosesAdministered","2021-02-17_23-59-00","summary"
"GE",2021-02-07,504128,23011,4.56,"COVID19VaccDosesAdministered","2021-02-17_23-59-00","summary"
"GE",2021-02-08,504128,23011,4.56,"COVID19VaccDosesAdministered","2021-02-17_23-59-00","summary"
"GE",2021-02-09,504128,23011,4.56,"COVID19VaccDosesAdministered","2021-02-17_23-59-00","summary"
"GE",2021-02-10,504128,28225,5.6,"COVID19VaccDosesAdministered","2021-02-17_23-59-00","summary"
"GE",2021-02-11,504128,28225,5.6,"COVID19VaccDosesAdministered","2021-02-17_23-59-00","summary"
"GE",2021-02-12,504128,28225,5.6,"COVID19VaccDosesAdministered","2021-02-17_23-59-00","summary"
"GE",2021-02-13,504128,28225,5.6,"COVID19VaccDosesAdministered","2021-02-17_23-59-00","summary"
"GE",2021-02-14,504128,31201,6.19,"COVID19VaccDosesAdministered","2021-02-17_23-59-00","summary"
"GE",2021-02-15,504128,31201,6.19,"COVID19VaccDosesAdministered","2021-02-17_23-59-00","summary"
"GE",2021-02-16,504128,31201,6.19,"COVID19VaccDosesAdministered","2021-02-17_23-59-00","summary"
"GE",2021-02-17,504128,36058,7.15,"COVID19VaccDosesAdministered","2021-02-17_23-59-00","summary"
"GL",2021-01-24,40590,1540,3.79,"COVID19VaccDosesAdministered","2021-02-17_23-59-00","summary"
"GL",2021-01-25,40590,1540,3.79,"COVID19VaccDosesAdministered","2021-02-17_23-59-00","summary"
"GL",2021-01-26,40590,1540,3.79,"COVID19VaccDosesAdministered","2021-02-17_23-59-00","summary"
"GL",2021-01-27,40590,1960,4.83,"COVID19VaccDosesAdministered","2021-02-17_23-59-00","summary"
"GL",2021-01-28,40590,1960,4.83,"COVID19VaccDosesAdministered","2021-02-17_23-59-00","summary"
"GL",2021-01-29,40590,1960,4.83,"COVID19VaccDosesAdministered","2021-02-17_23-59-00","summary"
"GL",2021-01-30,40590,1960,4.83,"COVID19VaccDosesAdministered","2021-02-17_23-59-00","summary"
"GL",2021-01-31,40590,2330,5.74,"COVID19VaccDosesAdministered","2021-02-17_23-59-00","summary"
"GL",2021-02-01,40590,2330,5.74,"COVID19VaccDosesAdministered","2021-02-17_23-59-00","summary"
"GL",2021-02-02,40590,2330,5.74,"COVID19VaccDosesAdministered","2021-02-17_23-59-00","summary"
"GL",2021-02-03,40590,2635,6.49,"COVID19VaccDosesAdministered","2021-02-17_23-59-00","summary"
"GL",2021-02-04,40590,2635,6.49,"COVID19VaccDosesAdministered","2021-02-17_23-59-00","summary"
"GL",2021-02-05,40590,2635,6.49,"COVID19VaccDosesAdministered","2021-02-17_23-59-00","summary"
"GL",2021-02-06,40590,2635,6.49,"COVID19VaccDosesAdministered","2021-02-17_23-59-00","summary"
"GL",2021-02-07,40590,2815,6.94,"COVID19VaccDosesAdministered","2021-02-17_23-59-00","summary"
"GL",2021-02-08,40590,2815,6.94,"COVID19VaccDosesAdministered","2021-02-17_23-59-00","summary"
"GL",2021-02-09,40590,2815,6.94,"COVID19VaccDosesAdministered","2021-02-17_23-59-00","summary"
"GL",2021-02-10,40590,3126,7.7,"COVID19VaccDosesAdministered","2021-02-17_23-59-00","summary"
"GL",2021-02-11,40590,3126,7.7,"COVID19VaccDosesAdministered","2021-02-17_23-59-00","summary"
"GL",2021-02-12,40590,3126,7.7,"COVID19VaccDosesAdministered","2021-02-17_23-59-00","summary"
"GL",2021-02-13,40590,3126,7.7,"COVID19VaccDosesAdministered","2021-02-17_23-59-00","summary"
"GL",2021-02-14,40590,3313,8.16,"COVID19VaccDosesAdministered","2021-02-17_23-59-00","summary"
"GL",2021-02-15,40590,3313,8.16,"COVID19VaccDosesAdministered","2021-02-17_23-59-00","summary"
"GL",2021-02-16,40590,3313,8.16,"COVID19VaccDosesAdministered","2021-02-17_23-59-00","summary"
"GL",2021-02-17,40590,3451,8.5,"COVID19VaccDosesAdministered","2021-02-17_23-59-00","summary"
"GR",2021-01-24,199021,4316,2.17,"COVID19VaccDosesAdministered","2021-02-17_23-59-00","summary"
"GR",2021-01-25,199021,4316,2.17,"COVID19VaccDosesAdministered","2021-02-17_23-59-00","summary"
"GR",2021-01-26,199021,4316,2.17,"COVID19VaccDosesAdministered","2021-02-17_23-59-00","summary"
"GR",2021-01-27,199021,5905,2.97,"COVID19VaccDosesAdministered","2021-02-17_23-59-00","summary"
"GR",2021-01-28,199021,5905,2.97,"COVID19VaccDosesAdministered","2021-02-17_23-59-00","summary"
"GR",2021-01-29,199021,5905,2.97,"COVID19VaccDosesAdministered","2021-02-17_23-59-00","summary"
"GR",2021-01-30,199021,5905,2.97,"COVID19VaccDosesAdministered","2021-02-17_23-59-00","summary"
"GR",2021-01-31,199021,7339,3.69,"COVID19VaccDosesAdministered","2021-02-17_23-59-00","summary"
"GR",2021-02-01,199021,7339,3.69,"COVID19VaccDosesAdministered","2021-02-17_23-59-00","summary"
"GR",2021-02-02,199021,7339,3.69,"COVID19VaccDosesAdministered","2021-02-17_23-59-00","summary"
"GR",2021-02-03,199021,8600,4.32,"COVID19VaccDosesAdministered","2021-02-17_23-59-00","summary"
"GR",2021-02-04,199021,8600,4.32,"COVID19VaccDosesAdministered","2021-02-17_23-59-00","summary"
"GR",2021-02-05,199021,8600,4.32,"COVID19VaccDosesAdministered","2021-02-17_23-59-00","summary"
"GR",2021-02-06,199021,8600,4.32,"COVID19VaccDosesAdministered","2021-02-17_23-59-00","summary"
"GR",2021-02-07,199021,9521,4.78,"COVID19VaccDosesAdministered","2021-02-17_23-59-00","summary"
"GR",2021-02-08,199021,9521,4.78,"COVID19VaccDosesAdministered","2021-02-17_23-59-00","summary"
"GR",2021-02-09,199021,9521,4.78,"COVID19VaccDosesAdministered","2021-02-17_23-59-00","summary"
"GR",2021-02-10,199021,11662,5.86,"COVID19VaccDosesAdministered","2021-02-17_23-59-00","summary"
"GR",2021-02-11,199021,11662,5.86,"COVID19VaccDosesAdministered","2021-02-17_23-59-00","summary"
"GR",2021-02-12,199021,11662,5.86,"COVID19VaccDosesAdministered","2021-02-17_23-59-00","summary"
"GR",2021-02-13,199021,11662,5.86,"COVID19VaccDosesAdministered","2021-02-17_23-59-00","summary"
"GR",2021-02-14,199021,13264,6.66,"COVID19VaccDosesAdministered","2021-02-17_23-59-00","summary"
"GR",2021-02-15,199021,13264,6.66,"COVID19VaccDosesAdministered","2021-02-17_23-59-00","summary"
"GR",2021-02-16,199021,13264,6.66,"COVID19VaccDosesAdministered","2021-02-17_23-59-00","summary"
"GR",2021-02-17,199021,15422,7.75,"COVID19VaccDosesAdministered","2021-02-17_23-59-00","summary"
"JU",2021-01-24,73584,2032,2.76,"COVID19VaccDosesAdministered","2021-02-17_23-59-00","summary"
"JU",2021-01-25,73584,2032,2.76,"COVID19VaccDosesAdministered","2021-02-17_23-59-00","summary"
"JU",2021-01-26,73584,2032,2.76,"COVID19VaccDosesAdministered","2021-02-17_23-59-00","summary"
"JU",2021-01-27,73584,2642,3.59,"COVID19VaccDosesAdministered","2021-02-17_23-59-00","summary"
"JU",2021-01-28,73584,2642,3.59,"COVID19VaccDosesAdministered","2021-02-17_23-59-00","summary"
"JU",2021-01-29,73584,2642,3.59,"COVID19VaccDosesAdministered","2021-02-17_23-59-00","summary"
"JU",2021-01-30,73584,2642,3.59,"COVID19VaccDosesAdministered","2021-02-17_23-59-00","summary"
"JU",2021-01-31,73584,2792,3.79,"COVID19VaccDosesAdministered","2021-02-17_23-59-00","summary"
"JU",2021-02-01,73584,2792,3.79,"COVID19VaccDosesAdministered","2021-02-17_23-59-00","summary"
"JU",2021-02-02,73584,2792,3.79,"COVID19VaccDosesAdministered","2021-02-17_23-59-00","summary"
"JU",2021-02-03,73584,3411,4.64,"COVID19VaccDosesAdministered","2021-02-17_23-59-00","summary"
"JU",2021-02-04,73584,3411,4.64,"COVID19VaccDosesAdministered","2021-02-17_23-59-00","summary"
"JU",2021-02-05,73584,3411,4.64,"COVID19VaccDosesAdministered","2021-02-17_23-59-00","summary"
"JU",2021-02-06,73584,3411,4.64,"COVID19VaccDosesAdministered","2021-02-17_23-59-00","summary"
"JU",2021-02-07,73584,3859,5.24,"COVID19VaccDosesAdministered","2021-02-17_23-59-00","summary"
"JU",2021-02-08,73584,3859,5.24,"COVID19VaccDosesAdministered","2021-02-17_23-59-00","summary"
"JU",2021-02-09,73584,3859,5.24,"COVID19VaccDosesAdministered","2021-02-17_23-59-00","summary"
"JU",2021-02-10,73584,4323,5.87,"COVID19VaccDosesAdministered","2021-02-17_23-59-00","summary"
"JU",2021-02-11,73584,4323,5.87,"COVID19VaccDosesAdministered","2021-02-17_23-59-00","summary"
"JU",2021-02-12,73584,4323,5.87,"COVID19VaccDosesAdministered","2021-02-17_23-59-00","summary"
"JU",2021-02-13,73584,4323,5.87,"COVID19VaccDosesAdministered","2021-02-17_23-59-00","summary"
"JU",2021-02-14,73584,4748,6.45,"COVID19VaccDosesAdministered","2021-02-17_23-59-00","summary"
"JU",2021-02-15,73584,4748,6.45,"COVID19VaccDosesAdministered","2021-02-17_23-59-00","summary"
"JU",2021-02-16,73584,4748,6.45,"COVID19VaccDosesAdministered","2021-02-17_23-59-00","summary"
"JU",2021-02-17,73584,5554,7.55,"COVID19VaccDosesAdministered","2021-02-17_23-59-00","summary"
"LU",2021-01-24,413120,11241,2.72,"COVID19VaccDosesAdministered","2021-02-17_23-59-00","summary"
"LU",2021-01-25,413120,11241,2.72,"COVID19VaccDosesAdministered","2021-02-17_23-59-00","summary"
"LU",2021-01-26,413120,11241,2.72,"COVID19VaccDosesAdministered","2021-02-17_23-59-00","summary"
"LU",2021-01-27,413120,15337,3.71,"COVID19VaccDosesAdministered","2021-02-17_23-59-00","summary"
"LU",2021-01-28,413120,15337,3.71,"COVID19VaccDosesAdministered","2021-02-17_23-59-00","summary"
"LU",2021-01-29,413120,15337,3.71,"COVID19VaccDosesAdministered","2021-02-17_23-59-00","summary"
"LU",2021-01-30,413120,15337,3.71,"COVID19VaccDosesAdministered","2021-02-17_23-59-00","summary"
"LU",2021-01-31,413120,18076,4.38,"COVID19VaccDosesAdministered","2021-02-17_23-59-00","summary"
"LU",2021-02-01,413120,18076,4.38,"COVID19VaccDosesAdministered","2021-02-17_23-59-00","summary"
"LU",2021-02-02,413120,18076,4.38,"COVID19VaccDosesAdministered","2021-02-17_23-59-00","summary"
"LU",2021-02-03,413120,21035,5.09,"COVID19VaccDosesAdministered","2021-02-17_23-59-00","summary"
"LU",2021-02-04,413120,21035,5.09,"COVID19VaccDosesAdministered","2021-02-17_23-59-00","summary"
"LU",2021-02-05,413120,21035,5.09,"COVID19VaccDosesAdministered","2021-02-17_23-59-00","summary"
"LU",2021-02-06,413120,21035,5.09,"COVID19VaccDosesAdministered","2021-02-17_23-59-00","summary"
"LU",2021-02-07,413120,21315,5.16,"COVID19VaccDosesAdministered","2021-02-17_23-59-00","summary"
"LU",2021-02-08,413120,21315,5.16,"COVID19VaccDosesAdministered","2021-02-17_23-59-00","summary"
"LU",2021-02-09,413120,21315,5.16,"COVID19VaccDosesAdministered","2021-02-17_23-59-00","summary"
"LU",2021-02-10,413120,24473,5.92,"COVID19VaccDosesAdministered","2021-02-17_23-59-00","summary"
"LU",2021-02-11,413120,24473,5.92,"COVID19VaccDosesAdministered","2021-02-17_23-59-00","summary"
"LU",2021-02-12,413120,24473,5.92,"COVID19VaccDosesAdministered","2021-02-17_23-59-00","summary"
"LU",2021-02-13,413120,24473,5.92,"COVID19VaccDosesAdministered","2021-02-17_23-59-00","summary"
"LU",2021-02-14,413120,25046,6.06,"COVID19VaccDosesAdministered","2021-02-17_23-59-00","summary"
"LU",2021-02-15,413120,25046,6.06,"COVID19VaccDosesAdministered","2021-02-17_23-59-00","summary"
"LU",2021-02-16,413120,25046,6.06,"COVID19VaccDosesAdministered","2021-02-17_23-59-00","summary"
"LU",2021-02-17,413120,26421,6.4,"COVID19VaccDosesAdministered","2021-02-17_23-59-00","summary"
"NE",2021-01-24,176496,2585,1.46,"COVID19VaccDosesAdministered","2021-02-17_23-59-00","summary"
"NE",2021-01-25,176496,2585,1.46,"COVID19VaccDosesAdministered","2021-02-17_23-59-00","summary"
"NE",2021-01-26,176496,2585,1.46,"COVID19VaccDosesAdministered","2021-02-17_23-59-00","summary"
"NE",2021-01-27,176496,3852,2.18,"COVID19VaccDosesAdministered","2021-02-17_23-59-00","summary"
"NE",2021-01-28,176496,3852,2.18,"COVID19VaccDosesAdministered","2021-02-17_23-59-00","summary"
"NE",2021-01-29,176496,3852,2.18,"COVID19VaccDosesAdministered","2021-02-17_23-59-00","summary"
"NE",2021-01-30,176496,3852,2.18,"COVID19VaccDosesAdministered","2021-02-17_23-59-00","summary"
"NE",2021-01-31,176496,4907,2.78,"COVID19VaccDosesAdministered","2021-02-17_23-59-00","summary"
"NE",2021-02-01,176496,4907,2.78,"COVID19VaccDosesAdministered","2021-02-17_23-59-00","summary"
"NE",2021-02-02,176496,4907,2.78,"COVID19VaccDosesAdministered","2021-02-17_23-59-00","summary"
"NE",2021-02-03,176496,5657,3.21,"COVID19VaccDosesAdministered","2021-02-17_23-59-00","summary"
"NE",2021-02-04,176496,5657,3.21,"COVID19VaccDosesAdministered","2021-02-17_23-59-00","summary"
"NE",2021-02-05,176496,5657,3.21,"COVID19VaccDosesAdministered","2021-02-17_23-59-00","summary"
"NE",2021-02-06,176496,5657,3.21,"COVID19VaccDosesAdministered","2021-02-17_23-59-00","summary"
"NE",2021-02-07,176496,8551,4.84,"COVID19VaccDosesAdministered","2021-02-17_23-59-00","summary"
"NE",2021-02-08,176496,8551,4.84,"COVID19VaccDosesAdministered","2021-02-17_23-59-00","summary"
"NE",2021-02-09,176496,8551,4.84,"COVID19VaccDosesAdministered","2021-02-17_23-59-00","summary"
"NE",2021-02-10,176496,10455,5.92,"COVID19VaccDosesAdministered","2021-02-17_23-59-00","summary"
"NE",2021-02-11,176496,10455,5.92,"COVID19VaccDosesAdministered","2021-02-17_23-59-00","summary"
"NE",2021-02-12,176496,10455,5.92,"COVID19VaccDosesAdministered","2021-02-17_23-59-00","summary"
"NE",2021-02-13,176496,10455,5.92,"COVID19VaccDosesAdministered","2021-02-17_23-59-00","summary"
"NE",2021-02-14,176496,11656,6.6,"COVID19VaccDosesAdministered","2021-02-17_23-59-00","summary"
"NE",2021-02-15,176496,11656,6.6,"COVID19VaccDosesAdministered","2021-02-17_23-59-00","summary"
"NE",2021-02-16,176496,11656,6.6,"COVID19VaccDosesAdministered","2021-02-17_23-59-00","summary"
"NE",2021-02-17,176496,12868,7.29,"COVID19VaccDosesAdministered","2021-02-17_23-59-00","summary"
"NW",2021-01-24,43087,3218,7.47,"COVID19VaccDosesAdministered","2021-02-17_23-59-00","summary"
"NW",2021-01-25,43087,3218,7.47,"COVID19VaccDosesAdministered","2021-02-17_23-59-00","summary"
"NW",2021-01-26,43087,3218,7.47,"COVID19VaccDosesAdministered","2021-02-17_23-59-00","summary"
"NW",2021-01-27,43087,3218,7.47,"COVID19VaccDosesAdministered","2021-02-17_23-59-00","summary"
"NW",2021-01-28,43087,3218,7.47,"COVID19VaccDosesAdministered","2021-02-17_23-59-00","summary"
"NW",2021-01-29,43087,3218,7.47,"COVID19VaccDosesAdministered","2021-02-17_23-59-00","summary"
"NW",2021-01-30,43087,3218,7.47,"COVID19VaccDosesAdministered","2021-02-17_23-59-00","summary"
"NW",2021-01-31,43087,3218,7.47,"COVID19VaccDosesAdministered","2021-02-17_23-59-00","summary"
"NW",2021-02-01,43087,3218,7.47,"COVID19VaccDosesAdministered","2021-02-17_23-59-00","summary"
"NW",2021-02-02,43087,3218,7.47,"COVID19VaccDosesAdministered","2021-02-17_23-59-00","summary"
"NW",2021-02-03,43087,3737,8.67,"COVID19VaccDosesAdministered","2021-02-17_23-59-00","summary"
"NW",2021-02-04,43087,3737,8.67,"COVID19VaccDosesAdministered","2021-02-17_23-59-00","summary"
"NW",2021-02-05,43087,3737,8.67,"COVID19VaccDosesAdministered","2021-02-17_23-59-00","summary"
"NW",2021-02-06,43087,3737,8.67,"COVID19VaccDosesAdministered","2021-02-17_23-59-00","summary"
"NW",2021-02-07,43087,4350,10.1,"COVID19VaccDosesAdministered","2021-02-17_23-59-00","summary"
"NW",2021-02-08,43087,4350,10.1,"COVID19VaccDosesAdministered","2021-02-17_23-59-00","summary"
"NW",2021-02-09,43087,4350,10.1,"COVID19VaccDosesAdministered","2021-02-17_23-59-00","summary"
"NW",2021-02-10,43087,4350,10.1,"COVID19VaccDosesAdministered","2021-02-17_23-59-00","summary"
"NW",2021-02-11,43087,4350,10.1,"COVID19VaccDosesAdministered","2021-02-17_23-59-00","summary"
"NW",2021-02-12,43087,4350,10.1,"COVID19VaccDosesAdministered","2021-02-17_23-59-00","summary"
"NW",2021-02-13,43087,4350,10.1,"COVID19VaccDosesAdministered","2021-02-17_23-59-00","summary"
"NW",2021-02-14,43087,4926,11.43,"COVID19VaccDosesAdministered","2021-02-17_23-59-00","summary"
"NW",2021-02-15,43087,4926,11.43,"COVID19VaccDosesAdministered","2021-02-17_23-59-00","summary"
"NW",2021-02-16,43087,4926,11.43,"COVID19VaccDosesAdministered","2021-02-17_23-59-00","summary"
"NW",2021-02-17,43087,5138,11.92,"COVID19VaccDosesAdministered","2021-02-17_23-59-00","summary"
"OW",2021-01-24,37930,1866,4.92,"COVID19VaccDosesAdministered","2021-02-17_23-59-00","summary"
"OW",2021-01-25,37930,1866,4.92,"COVID19VaccDosesAdministered","2021-02-17_23-59-00","summary"
"OW",2021-01-26,37930,1866,4.92,"COVID19VaccDosesAdministered","2021-02-17_23-59-00","summary"
"OW",2021-01-27,37930,1866,4.92,"COVID19VaccDosesAdministered","2021-02-17_23-59-00","summary"
"OW",2021-01-28,37930,1866,4.92,"COVID19VaccDosesAdministered","2021-02-17_23-59-00","summary"
"OW",2021-01-29,37930,1866,4.92,"COVID19VaccDosesAdministered","2021-02-17_23-59-00","summary"
"OW",2021-01-30,37930,1866,4.92,"COVID19VaccDosesAdministered","2021-02-17_23-59-00","summary"
"OW",2021-01-31,37930,2156,5.68,"COVID19VaccDosesAdministered","2021-02-17_23-59-00","summary"
"OW",2021-02-01,37930,2156,5.68,"COVID19VaccDosesAdministered","2021-02-17_23-59-00","summary"
"OW",2021-02-02,37930,2156,5.68,"COVID19VaccDosesAdministered","2021-02-17_23-59-00","summary"
"OW",2021-02-03,37930,2156,5.68,"COVID19VaccDosesAdministered","2021-02-17_23-59-00","summary"
"OW",2021-02-04,37930,2156,5.68,"COVID19VaccDosesAdministered","2021-02-17_23-59-00","summary"
"OW",2021-02-05,37930,2156,5.68,"COVID19VaccDosesAdministered","2021-02-17_23-59-00","summary"
"OW",2021-02-06,37930,2156,5.68,"COVID19VaccDosesAdministered","2021-02-17_23-59-00","summary"
"OW",2021-02-07,37930,2156,5.68,"COVID19VaccDosesAdministered","2021-02-17_23-59-00","summary"
"OW",2021-02-08,37930,2156,5.68,"COVID19VaccDosesAdministered","2021-02-17_23-59-00","summary"
"OW",2021-02-09,37930,2156,5.68,"COVID19VaccDosesAdministered","2021-02-17_23-59-00","summary"
"OW",2021-02-10,37930,2066,5.45,"COVID19VaccDosesAdministered","2021-02-17_23-59-00","summary"
"OW",2021-02-11,37930,2066,5.45,"COVID19VaccDosesAdministered","2021-02-17_23-59-00","summary"
"OW",2021-02-12,37930,2066,5.45,"COVID19VaccDosesAdministered","2021-02-17_23-59-00","summary"
"OW",2021-02-13,37930,2066,5.45,"COVID19VaccDosesAdministered","2021-02-17_23-59-00","summary"
"OW",2021-02-14,37930,3201,8.44,"COVID19VaccDosesAdministered","2021-02-17_23-59-00","summary"
"OW",2021-02-15,37930,3201,8.44,"COVID19VaccDosesAdministered","2021-02-17_23-59-00","summary"
"OW",2021-02-16,37930,3201,8.44,"COVID19VaccDosesAdministered","2021-02-17_23-59-00","summary"
"OW",2021-02-17,37930,3436,9.06,"COVID19VaccDosesAdministered","2021-02-17_23-59-00","summary"
"SG",2021-01-24,510734,8870,1.74,"COVID19VaccDosesAdministered","2021-02-17_23-59-00","summary"
"SG",2021-01-25,510734,8870,1.74,"COVID19VaccDosesAdministered","2021-02-17_23-59-00","summary"
"SG",2021-01-26,510734,8870,1.74,"COVID19VaccDosesAdministered","2021-02-17_23-59-00","summary"
"SG",2021-01-27,510734,12782,2.5,"COVID19VaccDosesAdministered","2021-02-17_23-59-00","summary"
"SG",2021-01-28,510734,12782,2.5,"COVID19VaccDosesAdministered","2021-02-17_23-59-00","summary"
"SG",2021-01-29,510734,12782,2.5,"COVID19VaccDosesAdministered","2021-02-17_23-59-00","summary"
"SG",2021-01-30,510734,12782,2.5,"COVID19VaccDosesAdministered","2021-02-17_23-59-00","summary"
"SG",2021-01-31,510734,19281,3.78,"COVID19VaccDosesAdministered","2021-02-17_23-59-00","summary"
"SG",2021-02-01,510734,19281,3.78,"COVID19VaccDosesAdministered","2021-02-17_23-59-00","summary"
"SG",2021-02-02,510734,19281,3.78,"COVID19VaccDosesAdministered","2021-02-17_23-59-00","summary"
"SG",2021-02-03,510734,23971,4.69,"COVID19VaccDosesAdministered","2021-02-17_23-59-00","summary"
"SG",2021-02-04,510734,23971,4.69,"COVID19VaccDosesAdministered","2021-02-17_23-59-00","summary"
"SG",2021-02-05,510734,23971,4.69,"COVID19VaccDosesAdministered","2021-02-17_23-59-00","summary"
"SG",2021-02-06,510734,23971,4.69,"COVID19VaccDosesAdministered","2021-02-17_23-59-00","summary"
"SG",2021-02-07,510734,26530,5.19,"COVID19VaccDosesAdministered","2021-02-17_23-59-00","summary"
"SG",2021-02-08,510734,26530,5.19,"COVID19VaccDosesAdministered","2021-02-17_23-59-00","summary"
"SG",2021-02-09,510734,26530,5.19,"COVID19VaccDosesAdministered","2021-02-17_23-59-00","summary"
"SG",2021-02-10,510734,30627,6,"COVID19VaccDosesAdministered","2021-02-17_23-59-00","summary"
"SG",2021-02-11,510734,30627,6,"COVID19VaccDosesAdministered","2021-02-17_23-59-00","summary"
"SG",2021-02-12,510734,30627,6,"COVID19VaccDosesAdministered","2021-02-17_23-59-00","summary"
"SG",2021-02-13,510734,30627,6,"COVID19VaccDosesAdministered","2021-02-17_23-59-00","summary"
"SG",2021-02-14,510734,32231,6.31,"COVID19VaccDosesAdministered","2021-02-17_23-59-00","summary"
"SG",2021-02-15,510734,32231,6.31,"COVID19VaccDosesAdministered","2021-02-17_23-59-00","summary"
"SG",2021-02-16,510734,32231,6.31,"COVID19VaccDosesAdministered","2021-02-17_23-59-00","summary"
"SG",2021-02-17,510734,34689,6.79,"COVID19VaccDosesAdministered","2021-02-17_23-59-00","summary"
"SH",2021-01-24,82348,3982,4.84,"COVID19VaccDosesAdministered","2021-02-17_23-59-00","summary"
"SH",2021-01-25,82348,3982,4.84,"COVID19VaccDosesAdministered","2021-02-17_23-59-00","summary"
"SH",2021-01-26,82348,3982,4.84,"COVID19VaccDosesAdministered","2021-02-17_23-59-00","summary"
"SH",2021-01-27,82348,4989,6.06,"COVID19VaccDosesAdministered","2021-02-17_23-59-00","summary"
"SH",2021-01-28,82348,4989,6.06,"COVID19VaccDosesAdministered","2021-02-17_23-59-00","summary"
"SH",2021-01-29,82348,4989,6.06,"COVID19VaccDosesAdministered","2021-02-17_23-59-00","summary"
"SH",2021-01-30,82348,4989,6.06,"COVID19VaccDosesAdministered","2021-02-17_23-59-00","summary"
"SH",2021-01-31,82348,5685,6.9,"COVID19VaccDosesAdministered","2021-02-17_23-59-00","summary"
"SH",2021-02-01,82348,5685,6.9,"COVID19VaccDosesAdministered","2021-02-17_23-59-00","summary"
"SH",2021-02-02,82348,5685,6.9,"COVID19VaccDosesAdministered","2021-02-17_23-59-00","summary"
"SH",2021-02-03,82348,5728,6.96,"COVID19VaccDosesAdministered","2021-02-17_23-59-00","summary"
"SH",2021-02-04,82348,5728,6.96,"COVID19VaccDosesAdministered","2021-02-17_23-59-00","summary"
"SH",2021-02-05,82348,5728,6.96,"COVID19VaccDosesAdministered","2021-02-17_23-59-00","summary"
"SH",2021-02-06,82348,5728,6.96,"COVID19VaccDosesAdministered","2021-02-17_23-59-00","summary"
"SH",2021-02-07,82348,6513,7.91,"COVID19VaccDosesAdministered","2021-02-17_23-59-00","summary"
"SH",2021-02-08,82348,6513,7.91,"COVID19VaccDosesAdministered","2021-02-17_23-59-00","summary"
"SH",2021-02-09,82348,6513,7.91,"COVID19VaccDosesAdministered","2021-02-17_23-59-00","summary"
"SH",2021-02-10,82348,7156,8.69,"COVID19VaccDosesAdministered","2021-02-17_23-59-00","summary"
"SH",2021-02-11,82348,7156,8.69,"COVID19VaccDosesAdministered","2021-02-17_23-59-00","summary"
"SH",2021-02-12,82348,7156,8.69,"COVID19VaccDosesAdministered","2021-02-17_23-59-00","summary"
"SH",2021-02-13,82348,7156,8.69,"COVID19VaccDosesAdministered","2021-02-17_23-59-00","summary"
"SH",2021-02-14,82348,7715,9.37,"COVID19VaccDosesAdministered","2021-02-17_23-59-00","summary"
"SH",2021-02-15,82348,7715,9.37,"COVID19VaccDosesAdministered","2021-02-17_23-59-00","summary"
"SH",2021-02-16,82348,7715,9.37,"COVID19VaccDosesAdministered","2021-02-17_23-59-00","summary"
"SH",2021-02-17,82348,8495,10.32,"COVID19VaccDosesAdministered","2021-02-17_23-59-00","summary"
"SO",2021-01-24,275247,10234,3.72,"COVID19VaccDosesAdministered","2021-02-17_23-59-00","summary"
"SO",2021-01-25,275247,10234,3.72,"COVID19VaccDosesAdministered","2021-02-17_23-59-00","summary"
"SO",2021-01-26,275247,10234,3.72,"COVID19VaccDosesAdministered","2021-02-17_23-59-00","summary"
"SO",2021-01-27,275247,13272,4.82,"COVID19VaccDosesAdministered","2021-02-17_23-59-00","summary"
"SO",2021-01-28,275247,13272,4.82,"COVID19VaccDosesAdministered","2021-02-17_23-59-00","summary"
"SO",2021-01-29,275247,13272,4.82,"COVID19VaccDosesAdministered","2021-02-17_23-59-00","summary"
"SO",2021-01-30,275247,13272,4.82,"COVID19VaccDosesAdministered","2021-02-17_23-59-00","summary"
"SO",2021-01-31,275247,15099,5.49,"COVID19VaccDosesAdministered","2021-02-17_23-59-00","summary"
"SO",2021-02-01,275247,15099,5.49,"COVID19VaccDosesAdministered","2021-02-17_23-59-00","summary"
"SO",2021-02-02,275247,15099,5.49,"COVID19VaccDosesAdministered","2021-02-17_23-59-00","summary"
"SO",2021-02-03,275247,16509,6,"COVID19VaccDosesAdministered","2021-02-17_23-59-00","summary"
"SO",2021-02-04,275247,16509,6,"COVID19VaccDosesAdministered","2021-02-17_23-59-00","summary"
"SO",2021-02-05,275247,16509,6,"COVID19VaccDosesAdministered","2021-02-17_23-59-00","summary"
"SO",2021-02-06,275247,16509,6,"COVID19VaccDosesAdministered","2021-02-17_23-59-00","summary"
"SO",2021-02-07,275247,19212,6.98,"COVID19VaccDosesAdministered","2021-02-17_23-59-00","summary"
"SO",2021-02-08,275247,19212,6.98,"COVID19VaccDosesAdministered","2021-02-17_23-59-00","summary"
"SO",2021-02-09,275247,19212,6.98,"COVID19VaccDosesAdministered","2021-02-17_23-59-00","summary"
"SO",2021-02-10,275247,20436,7.42,"COVID19VaccDosesAdministered","2021-02-17_23-59-00","summary"
"SO",2021-02-11,275247,20436,7.42,"COVID19VaccDosesAdministered","2021-02-17_23-59-00","summary"
"SO",2021-02-12,275247,20436,7.42,"COVID19VaccDosesAdministered","2021-02-17_23-59-00","summary"
"SO",2021-02-13,275247,20436,7.42,"COVID19VaccDosesAdministered","2021-02-17_23-59-00","summary"
"SO",2021-02-14,275247,22240,8.08,"COVID19VaccDosesAdministered","2021-02-17_23-59-00","summary"
"SO",2021-02-15,275247,22240,8.08,"COVID19VaccDosesAdministered","2021-02-17_23-59-00","summary"
"SO",2021-02-16,275247,22240,8.08,"COVID19VaccDosesAdministered","2021-02-17_23-59-00","summary"
"SO",2021-02-17,275247,25645,9.32,"COVID19VaccDosesAdministered","2021-02-17_23-59-00","summary"
"SZ",2021-01-24,160480,3250,2.03,"COVID19VaccDosesAdministered","2021-02-17_23-59-00","summary"
"SZ",2021-01-25,160480,3250,2.03,"COVID19VaccDosesAdministered","2021-02-17_23-59-00","summary"
"SZ",2021-01-26,160480,3250,2.03,"COVID19VaccDosesAdministered","2021-02-17_23-59-00","summary"
"SZ",2021-01-27,160480,3865,2.41,"COVID19VaccDosesAdministered","2021-02-17_23-59-00","summary"
"SZ",2021-01-28,160480,3865,2.41,"COVID19VaccDosesAdministered","2021-02-17_23-59-00","summary"
"SZ",2021-01-29,160480,3865,2.41,"COVID19VaccDosesAdministered","2021-02-17_23-59-00","summary"
"SZ",2021-01-30,160480,3865,2.41,"COVID19VaccDosesAdministered","2021-02-17_23-59-00","summary"
"SZ",2021-01-31,160480,5165,3.22,"COVID19VaccDosesAdministered","2021-02-17_23-59-00","summary"
"SZ",2021-02-01,160480,5165,3.22,"COVID19VaccDosesAdministered","2021-02-17_23-59-00","summary"
"SZ",2021-02-02,160480,5165,3.22,"COVID19VaccDosesAdministered","2021-02-17_23-59-00","summary"
"SZ",2021-02-03,160480,5761,3.59,"COVID19VaccDosesAdministered","2021-02-17_23-59-00","summary"
"SZ",2021-02-04,160480,5761,3.59,"COVID19VaccDosesAdministered","2021-02-17_23-59-00","summary"
"SZ",2021-02-05,160480,5761,3.59,"COVID19VaccDosesAdministered","2021-02-17_23-59-00","summary"
"SZ",2021-02-06,160480,5761,3.59,"COVID19VaccDosesAdministered","2021-02-17_23-59-00","summary"
"SZ",2021-02-07,160480,6656,4.15,"COVID19VaccDosesAdministered","2021-02-17_23-59-00","summary"
"SZ",2021-02-08,160480,6656,4.15,"COVID19VaccDosesAdministered","2021-02-17_23-59-00","summary"
"SZ",2021-02-09,160480,6656,4.15,"COVID19VaccDosesAdministered","2021-02-17_23-59-00","summary"
"SZ",2021-02-10,160480,8341,5.2,"COVID19VaccDosesAdministered","2021-02-17_23-59-00","summary"
"SZ",2021-02-11,160480,8341,5.2,"COVID19VaccDosesAdministered","2021-02-17_23-59-00","summary"
"SZ",2021-02-12,160480,8341,5.2,"COVID19VaccDosesAdministered","2021-02-17_23-59-00","summary"
"SZ",2021-02-13,160480,8341,5.2,"COVID19VaccDosesAdministered","2021-02-17_23-59-00","summary"
"SZ",2021-02-14,160480,9616,5.99,"COVID19VaccDosesAdministered","2021-02-17_23-59-00","summary"
"SZ",2021-02-15,160480,9616,5.99,"COVID19VaccDosesAdministered","2021-02-17_23-59-00","summary"
"SZ",2021-02-16,160480,9616,5.99,"COVID19VaccDosesAdministered","2021-02-17_23-59-00","summary"
"SZ",2021-02-17,160480,10946,6.82,"COVID19VaccDosesAdministered","2021-02-17_23-59-00","summary"
"TG",2021-01-24,279547,4072,1.46,"COVID19VaccDosesAdministered","2021-02-17_23-59-00","summary"
"TG",2021-01-25,279547,4072,1.46,"COVID19VaccDosesAdministered","2021-02-17_23-59-00","summary"
"TG",2021-01-26,279547,4072,1.46,"COVID19VaccDosesAdministered","2021-02-17_23-59-00","summary"
"TG",2021-01-27,279547,6376,2.28,"COVID19VaccDosesAdministered","2021-02-17_23-59-00","summary"
"TG",2021-01-28,279547,6376,2.28,"COVID19VaccDosesAdministered","2021-02-17_23-59-00","summary"
"TG",2021-01-29,279547,6376,2.28,"COVID19VaccDosesAdministered","2021-02-17_23-59-00","summary"
"TG",2021-01-30,279547,6376,2.28,"COVID19VaccDosesAdministered","2021-02-17_23-59-00","summary"
"TG",2021-01-31,279547,8868,3.17,"COVID19VaccDosesAdministered","2021-02-17_23-59-00","summary"
"TG",2021-02-01,279547,8868,3.17,"COVID19VaccDosesAdministered","2021-02-17_23-59-00","summary"
"TG",2021-02-02,279547,8868,3.17,"COVID19VaccDosesAdministered","2021-02-17_23-59-00","summary"
"TG",2021-02-03,279547,10919,3.91,"COVID19VaccDosesAdministered","2021-02-17_23-59-00","summary"
"TG",2021-02-04,279547,10919,3.91,"COVID19VaccDosesAdministered","2021-02-17_23-59-00","summary"
"TG",2021-02-05,279547,10919,3.91,"COVID19VaccDosesAdministered","2021-02-17_23-59-00","summary"
"TG",2021-02-06,279547,10919,3.91,"COVID19VaccDosesAdministered","2021-02-17_23-59-00","summary"
"TG",2021-02-07,279547,12839,4.59,"COVID19VaccDosesAdministered","2021-02-17_23-59-00","summary"
"TG",2021-02-08,279547,12839,4.59,"COVID19VaccDosesAdministered","2021-02-17_23-59-00","summary"
"TG",2021-02-09,279547,12839,4.59,"COVID19VaccDosesAdministered","2021-02-17_23-59-00","summary"
"TG",2021-02-10,279547,15188,5.43,"COVID19VaccDosesAdministered","2021-02-17_23-59-00","summary"
"TG",2021-02-11,279547,15188,5.43,"COVID19VaccDosesAdministered","2021-02-17_23-59-00","summary"
"TG",2021-02-12,279547,15188,5.43,"COVID19VaccDosesAdministered","2021-02-17_23-59-00","summary"
"TG",2021-02-13,279547,15188,5.43,"COVID19VaccDosesAdministered","2021-02-17_23-59-00","summary"
"TG",2021-02-14,279547,16310,5.83,"COVID19VaccDosesAdministered","2021-02-17_23-59-00","summary"
"TG",2021-02-15,279547,16310,5.83,"COVID19VaccDosesAdministered","2021-02-17_23-59-00","summary"
"TG",2021-02-16,279547,16310,5.83,"COVID19VaccDosesAdministered","2021-02-17_23-59-00","summary"
"TG",2021-02-17,279547,18277,6.54,"COVID19VaccDosesAdministered","2021-02-17_23-59-00","summary"
"TI",2021-01-24,351491,11815,3.36,"COVID19VaccDosesAdministered","2021-02-17_23-59-00","summary"
"TI",2021-01-25,351491,11815,3.36,"COVID19VaccDosesAdministered","2021-02-17_23-59-00","summary"
"TI",2021-01-26,351491,11815,3.36,"COVID19VaccDosesAdministered","2021-02-17_23-59-00","summary"
"TI",2021-01-27,351491,15756,4.48,"COVID19VaccDosesAdministered","2021-02-17_23-59-00","summary"
"TI",2021-01-28,351491,15756,4.48,"COVID19VaccDosesAdministered","2021-02-17_23-59-00","summary"
"TI",2021-01-29,351491,15756,4.48,"COVID19VaccDosesAdministered","2021-02-17_23-59-00","summary"
"TI",2021-01-30,351491,15756,4.48,"COVID19VaccDosesAdministered","2021-02-17_23-59-00","summary"
"TI",2021-01-31,351491,19737,5.62,"COVID19VaccDosesAdministered","2021-02-17_23-59-00","summary"
"TI",2021-02-01,351491,19737,5.62,"COVID19VaccDosesAdministered","2021-02-17_23-59-00","summary"
"TI",2021-02-02,351491,19737,5.62,"COVID19VaccDosesAdministered","2021-02-17_23-59-00","summary"
"TI",2021-02-03,351491,20550,5.85,"COVID19VaccDosesAdministered","2021-02-17_23-59-00","summary"
"TI",2021-02-04,351491,20550,5.85,"COVID19VaccDosesAdministered","2021-02-17_23-59-00","summary"
"TI",2021-02-05,351491,20550,5.85,"COVID19VaccDosesAdministered","2021-02-17_23-59-00","summary"
"TI",2021-02-06,351491,20550,5.85,"COVID19VaccDosesAdministered","2021-02-17_23-59-00","summary"
"TI",2021-02-07,351491,24899,7.08,"COVID19VaccDosesAdministered","2021-02-17_23-59-00","summary"
"TI",2021-02-08,351491,24899,7.08,"COVID19VaccDosesAdministered","2021-02-17_23-59-00","summary"
"TI",2021-02-09,351491,24899,7.08,"COVID19VaccDosesAdministered","2021-02-17_23-59-00","summary"
"TI",2021-02-10,351491,29938,8.52,"COVID19VaccDosesAdministered","2021-02-17_23-59-00","summary"
"TI",2021-02-11,351491,29938,8.52,"COVID19VaccDosesAdministered","2021-02-17_23-59-00","summary"
"TI",2021-02-12,351491,29938,8.52,"COVID19VaccDosesAdministered","2021-02-17_23-59-00","summary"
"TI",2021-02-13,351491,29938,8.52,"COVID19VaccDosesAdministered","2021-02-17_23-59-00","summary"
"TI",2021-02-14,351491,31184,8.87,"COVID19VaccDosesAdministered","2021-02-17_23-59-00","summary"
"TI",2021-02-15,351491,31184,8.87,"COVID19VaccDosesAdministered","2021-02-17_23-59-00","summary"
"TI",2021-02-16,351491,31184,8.87,"COVID19VaccDosesAdministered","2021-02-17_23-59-00","summary"
"TI",2021-02-17,351491,31879,9.07,"COVID19VaccDosesAdministered","2021-02-17_23-59-00","summary"
"UR",2021-01-24,36703,1361,3.71,"COVID19VaccDosesAdministered","2021-02-17_23-59-00","summary"
"UR",2021-01-25,36703,1361,3.71,"COVID19VaccDosesAdministered","2021-02-17_23-59-00","summary"
"UR",2021-01-26,36703,1361,3.71,"COVID19VaccDosesAdministered","2021-02-17_23-59-00","summary"
"UR",2021-01-27,36703,1873,5.1,"COVID19VaccDosesAdministered","2021-02-17_23-59-00","summary"
"UR",2021-01-28,36703,1873,5.1,"COVID19VaccDosesAdministered","2021-02-17_23-59-00","summary"
"UR",2021-01-29,36703,1873,5.1,"COVID19VaccDosesAdministered","2021-02-17_23-59-00","summary"
"UR",2021-01-30,36703,1873,5.1,"COVID19VaccDosesAdministered","2021-02-17_23-59-00","summary"
"UR",2021-01-31,36703,2184,5.95,"COVID19VaccDosesAdministered","2021-02-17_23-59-00","summary"
"UR",2021-02-01,36703,2184,5.95,"COVID19VaccDosesAdministered","2021-02-17_23-59-00","summary"
"UR",2021-02-02,36703,2184,5.95,"COVID19VaccDosesAdministered","2021-02-17_23-59-00","summary"
"UR",2021-02-03,36703,2699,7.35,"COVID19VaccDosesAdministered","2021-02-17_23-59-00","summary"
"UR",2021-02-04,36703,2699,7.35,"COVID19VaccDosesAdministered","2021-02-17_23-59-00","summary"
"UR",2021-02-05,36703,2699,7.35,"COVID19VaccDosesAdministered","2021-02-17_23-59-00","summary"
"UR",2021-02-06,36703,2699,7.35,"COVID19VaccDosesAdministered","2021-02-17_23-59-00","summary"
"UR",2021-02-07,36703,2918,7.95,"COVID19VaccDosesAdministered","2021-02-17_23-59-00","summary"
"UR",2021-02-08,36703,2918,7.95,"COVID19VaccDosesAdministered","2021-02-17_23-59-00","summary"
"UR",2021-02-09,36703,2918,7.95,"COVID19VaccDosesAdministered","2021-02-17_23-59-00","summary"
"UR",2021-02-10,36703,3360,9.15,"COVID19VaccDosesAdministered","2021-02-17_23-59-00","summary"
"UR",2021-02-11,36703,3360,9.15,"COVID19VaccDosesAdministered","2021-02-17_23-59-00","summary"
"UR",2021-02-12,36703,3360,9.15,"COVID19VaccDosesAdministered","2021-02-17_23-59-00","summary"
"UR",2021-02-13,36703,3360,9.15,"COVID19VaccDosesAdministered","2021-02-17_23-59-00","summary"
"UR",2021-02-14,36703,3360,9.15,"COVID19VaccDosesAdministered","2021-02-17_23-59-00","summary"
"UR",2021-02-15,36703,3360,9.15,"COVID19VaccDosesAdministered","2021-02-17_23-59-00","summary"
"UR",2021-02-16,36703,3360,9.15,"COVID19VaccDosesAdministered","2021-02-17_23-59-00","summary"
"UR",2021-02-17,36703,3799,10.35,"COVID19VaccDosesAdministered","2021-02-17_23-59-00","summary"
"VD",2021-01-24,805098,15847,1.97,"COVID19VaccDosesAdministered","2021-02-17_23-59-00","summary"
"VD",2021-01-25,805098,15847,1.97,"COVID19VaccDosesAdministered","2021-02-17_23-59-00","summary"
"VD",2021-01-26,805098,15847,1.97,"COVID19VaccDosesAdministered","2021-02-17_23-59-00","summary"
"VD",2021-01-27,805098,22846,2.84,"COVID19VaccDosesAdministered","2021-02-17_23-59-00","summary"
"VD",2021-01-28,805098,22846,2.84,"COVID19VaccDosesAdministered","2021-02-17_23-59-00","summary"
"VD",2021-01-29,805098,22846,2.84,"COVID19VaccDosesAdministered","2021-02-17_23-59-00","summary"
"VD",2021-01-30,805098,22846,2.84,"COVID19VaccDosesAdministered","2021-02-17_23-59-00","summary"
"VD",2021-01-31,805098,27848,3.46,"COVID19VaccDosesAdministered","2021-02-17_23-59-00","summary"
"VD",2021-02-01,805098,27848,3.46,"COVID19VaccDosesAdministered","2021-02-17_23-59-00","summary"
"VD",2021-02-02,805098,27848,3.46,"COVID19VaccDosesAdministered","2021-02-17_23-59-00","summary"
"VD",2021-02-03,805098,34784,4.32,"COVID19VaccDosesAdministered","2021-02-17_23-59-00","summary"
"VD",2021-02-04,805098,34784,4.32,"COVID19VaccDosesAdministered","2021-02-17_23-59-00","summary"
"VD",2021-02-05,805098,34784,4.32,"COVID19VaccDosesAdministered","2021-02-17_23-59-00","summary"
"VD",2021-02-06,805098,34784,4.32,"COVID19VaccDosesAdministered","2021-02-17_23-59-00","summary"
"VD",2021-02-07,805098,39727,4.93,"COVID19VaccDosesAdministered","2021-02-17_23-59-00","summary"
"VD",2021-02-08,805098,39727,4.93,"COVID19VaccDosesAdministered","2021-02-17_23-59-00","summary"
"VD",2021-02-09,805098,39727,4.93,"COVID19VaccDosesAdministered","2021-02-17_23-59-00","summary"
"VD",2021-02-10,805098,48090,5.97,"COVID19VaccDosesAdministered","2021-02-17_23-59-00","summary"
"VD",2021-02-11,805098,48090,5.97,"COVID19VaccDosesAdministered","2021-02-17_23-59-00","summary"
"VD",2021-02-12,805098,48090,5.97,"COVID19VaccDosesAdministered","2021-02-17_23-59-00","summary"
"VD",2021-02-13,805098,48090,5.97,"COVID19VaccDosesAdministered","2021-02-17_23-59-00","summary"
"VD",2021-02-14,805098,55202,6.86,"COVID19VaccDosesAdministered","2021-02-17_23-59-00","summary"
"VD",2021-02-15,805098,55202,6.86,"COVID19VaccDosesAdministered","2021-02-17_23-59-00","summary"
"VD",2021-02-16,805098,55202,6.86,"COVID19VaccDosesAdministered","2021-02-17_23-59-00","summary"
"VD",2021-02-17,805098,62918,7.81,"COVID19VaccDosesAdministered","2021-02-17_23-59-00","summary"
"VS",2021-01-24,345525,10210,2.95,"COVID19VaccDosesAdministered","2021-02-17_23-59-00","summary"
"VS",2021-01-25,345525,10210,2.95,"COVID19VaccDosesAdministered","2021-02-17_23-59-00","summary"
"VS",2021-01-26,345525,10210,2.95,"COVID19VaccDosesAdministered","2021-02-17_23-59-00","summary"
"VS",2021-01-27,345525,13725,3.97,"COVID19VaccDosesAdministered","2021-02-17_23-59-00","summary"
"VS",2021-01-28,345525,13725,3.97,"COVID19VaccDosesAdministered","2021-02-17_23-59-00","summary"
"VS",2021-01-29,345525,13725,3.97,"COVID19VaccDosesAdministered","2021-02-17_23-59-00","summary"
"VS",2021-01-30,345525,13725,3.97,"COVID19VaccDosesAdministered","2021-02-17_23-59-00","summary"
"VS",2021-01-31,345525,14240,4.12,"COVID19VaccDosesAdministered","2021-02-17_23-59-00","summary"
"VS",2021-02-01,345525,14240,4.12,"COVID19VaccDosesAdministered","2021-02-17_23-59-00","summary"
"VS",2021-02-02,345525,14240,4.12,"COVID19VaccDosesAdministered","2021-02-17_23-59-00","summary"
"VS",2021-02-03,345525,16735,4.84,"COVID19VaccDosesAdministered","2021-02-17_23-59-00","summary"
"VS",2021-02-04,345525,16735,4.84,"COVID19VaccDosesAdministered","2021-02-17_23-59-00","summary"
"VS",2021-02-05,345525,16735,4.84,"COVID19VaccDosesAdministered","2021-02-17_23-59-00","summary"
"VS",2021-02-06,345525,16735,4.84,"COVID19VaccDosesAdministered","2021-02-17_23-59-00","summary"
"VS",2021-02-07,345525,17370,5.03,"COVID19VaccDosesAdministered","2021-02-17_23-59-00","summary"
"VS",2021-02-08,345525,17370,5.03,"COVID19VaccDosesAdministered","2021-02-17_23-59-00","summary"
"VS",2021-02-09,345525,17370,5.03,"COVID19VaccDosesAdministered","2021-02-17_23-59-00","summary"
"VS",2021-02-10,345525,19955,5.78,"COVID19VaccDosesAdministered","2021-02-17_23-59-00","summary"
"VS",2021-02-11,345525,19955,5.78,"COVID19VaccDosesAdministered","2021-02-17_23-59-00","summary"
"VS",2021-02-12,345525,19955,5.78,"COVID19VaccDosesAdministered","2021-02-17_23-59-00","summary"
"VS",2021-02-13,345525,19955,5.78,"COVID19VaccDosesAdministered","2021-02-17_23-59-00","summary"
"VS",2021-02-14,345525,21675,6.27,"COVID19VaccDosesAdministered","2021-02-17_23-59-00","summary"
"VS",2021-02-15,345525,21675,6.27,"COVID19VaccDosesAdministered","2021-02-17_23-59-00","summary"
"VS",2021-02-16,345525,21675,6.27,"COVID19VaccDosesAdministered","2021-02-17_23-59-00","summary"
"VS",2021-02-17,345525,26145,7.57,"COVID19VaccDosesAdministered","2021-02-17_23-59-00","summary"
"ZG",2021-01-24,127642,6599,5.17,"COVID19VaccDosesAdministered","2021-02-17_23-59-00","summary"
"ZG",2021-01-25,127642,6599,5.17,"COVID19VaccDosesAdministered","2021-02-17_23-59-00","summary"
"ZG",2021-01-26,127642,6599,5.17,"COVID19VaccDosesAdministered","2021-02-17_23-59-00","summary"
"ZG",2021-01-27,127642,7361,5.77,"COVID19VaccDosesAdministered","2021-02-17_23-59-00","summary"
"ZG",2021-01-28,127642,7361,5.77,"COVID19VaccDosesAdministered","2021-02-17_23-59-00","summary"
"ZG",2021-01-29,127642,7361,5.77,"COVID19VaccDosesAdministered","2021-02-17_23-59-00","summary"
"ZG",2021-01-30,127642,7361,5.77,"COVID19VaccDosesAdministered","2021-02-17_23-59-00","summary"
"ZG",2021-01-31,127642,7431,5.82,"COVID19VaccDosesAdministered","2021-02-17_23-59-00","summary"
"ZG",2021-02-01,127642,7431,5.82,"COVID19VaccDosesAdministered","2021-02-17_23-59-00","summary"
"ZG",2021-02-02,127642,7431,5.82,"COVID19VaccDosesAdministered","2021-02-17_23-59-00","summary"
"ZG",2021-02-03,127642,7636,5.98,"COVID19VaccDosesAdministered","2021-02-17_23-59-00","summary"
"ZG",2021-02-04,127642,7636,5.98,"COVID19VaccDosesAdministered","2021-02-17_23-59-00","summary"
"ZG",2021-02-05,127642,7636,5.98,"COVID19VaccDosesAdministered","2021-02-17_23-59-00","summary"
"ZG",2021-02-06,127642,7636,5.98,"COVID19VaccDosesAdministered","2021-02-17_23-59-00","summary"
"ZG",2021-02-07,127642,8294,6.5,"COVID19VaccDosesAdministered","2021-02-17_23-59-00","summary"
"ZG",2021-02-08,127642,8294,6.5,"COVID19VaccDosesAdministered","2021-02-17_23-59-00","summary"
"ZG",2021-02-09,127642,8294,6.5,"COVID19VaccDosesAdministered","2021-02-17_23-59-00","summary"
"ZG",2021-02-10,127642,8666,6.79,"COVID19VaccDosesAdministered","2021-02-17_23-59-00","summary"
"ZG",2021-02-11,127642,8666,6.79,"COVID19VaccDosesAdministered","2021-02-17_23-59-00","summary"
"ZG",2021-02-12,127642,8666,6.79,"COVID19VaccDosesAdministered","2021-02-17_23-59-00","summary"
"ZG",2021-02-13,127642,8666,6.79,"COVID19VaccDosesAdministered","2021-02-17_23-59-00","summary"
"ZG",2021-02-14,127642,9561,7.49,"COVID19VaccDosesAdministered","2021-02-17_23-59-00","summary"
"ZG",2021-02-15,127642,9561,7.49,"COVID19VaccDosesAdministered","2021-02-17_23-59-00","summary"
"ZG",2021-02-16,127642,9561,7.49,"COVID19VaccDosesAdministered","2021-02-17_23-59-00","summary"
"ZG",2021-02-17,127642,11038,8.65,"COVID19VaccDosesAdministered","2021-02-17_23-59-00","summary"
"ZH",2021-01-24,1539275,25528,1.66,"COVID19VaccDosesAdministered","2021-02-17_23-59-00","summary"
"ZH",2021-01-25,1539275,25528,1.66,"COVID19VaccDosesAdministered","2021-02-17_23-59-00","summary"
"ZH",2021-01-26,1539275,25528,1.66,"COVID19VaccDosesAdministered","2021-02-17_23-59-00","summary"
"ZH",2021-01-27,1539275,34900,2.27,"COVID19VaccDosesAdministered","2021-02-17_23-59-00","summary"
"ZH",2021-01-28,1539275,34900,2.27,"COVID19VaccDosesAdministered","2021-02-17_23-59-00","summary"
"ZH",2021-01-29,1539275,34900,2.27,"COVID19VaccDosesAdministered","2021-02-17_23-59-00","summary"
"ZH",2021-01-30,1539275,34900,2.27,"COVID19VaccDosesAdministered","2021-02-17_23-59-00","summary"
"ZH",2021-01-31,1539275,46081,2.99,"COVID19VaccDosesAdministered","2021-02-17_23-59-00","summary"
"ZH",2021-02-01,1539275,46081,2.99,"COVID19VaccDosesAdministered","2021-02-17_23-59-00","summary"
"ZH",2021-02-02,1539275,46081,2.99,"COVID19VaccDosesAdministered","2021-02-17_23-59-00","summary"
"ZH",2021-02-03,1539275,54243,3.52,"COVID19VaccDosesAdministered","2021-02-17_23-59-00","summary"
"ZH",2021-02-04,1539275,54243,3.52,"COVID19VaccDosesAdministered","2021-02-17_23-59-00","summary"
"ZH",2021-02-05,1539275,54243,3.52,"COVID19VaccDosesAdministered","2021-02-17_23-59-00","summary"
"ZH",2021-02-06,1539275,54243,3.52,"COVID19VaccDosesAdministered","2021-02-17_23-59-00","summary"
"ZH",2021-02-07,1539275,59480,3.86,"COVID19VaccDosesAdministered","2021-02-17_23-59-00","summary"
"ZH",2021-02-08,1539275,59480,3.86,"COVID19VaccDosesAdministered","2021-02-17_23-59-00","summary"
"ZH",2021-02-09,1539275,59480,3.86,"COVID19VaccDosesAdministered","2021-02-17_23-59-00","summary"
"ZH",2021-02-10,1539275,69141,4.49,"COVID19VaccDosesAdministered","2021-02-17_23-59-00","summary"
"ZH",2021-02-11,1539275,69141,4.49,"COVID19VaccDosesAdministered","2021-02-17_23-59-00","summary"
"ZH",2021-02-12,1539275,69141,4.49,"COVID19VaccDosesAdministered","2021-02-17_23-59-00","summary"
"ZH",2021-02-13,1539275,69141,4.49,"COVID19VaccDosesAdministered","2021-02-17_23-59-00","summary"
"ZH",2021-02-14,1539275,85969,5.59,"COVID19VaccDosesAdministered","2021-02-17_23-59-00","summary"
"ZH",2021-02-15,1539275,85969,5.59,"COVID19VaccDosesAdministered","2021-02-17_23-59-00","summary"
"ZH",2021-02-16,1539275,85969,5.59,"COVID19VaccDosesAdministered","2021-02-17_23-59-00","summary"
"ZH",2021-02-17,1539275,93499,6.07,"COVID19VaccDosesAdministered","2021-02-17_23-59-00","summary"
"CHFL",2021-01-24,8644780,197368,2.28,"COVID19VaccDosesAdministered","2021-02-17_23-59-00","summary"
"CHFL",2021-01-25,8644780,197368,2.28,"COVID19VaccDosesAdministered","2021-02-17_23-59-00","summary"
"CHFL",2021-01-26,8644780,197368,2.28,"COVID19VaccDosesAdministered","2021-02-17_23-59-00","summary"
"CHFL",2021-01-27,8644780,259920,3.01,"COVID19VaccDosesAdministered","2021-02-17_23-59-00","summary"
"CHFL",2021-01-28,8644780,259920,3.01,"COVID19VaccDosesAdministered","2021-02-17_23-59-00","summary"
"CHFL",2021-01-29,8644780,259920,3.01,"COVID19VaccDosesAdministered","2021-02-17_23-59-00","summary"
"CHFL",2021-01-30,8644780,259920,3.01,"COVID19VaccDosesAdministered","2021-02-17_23-59-00","summary"
"CHFL",2021-01-31,8644780,315033,3.64,"COVID19VaccDosesAdministered","2021-02-17_23-59-00","summary"
"CHFL",2021-02-01,8644780,315033,3.64,"COVID19VaccDosesAdministered","2021-02-17_23-59-00","summary"
"CHFL",2021-02-02,8644780,315033,3.64,"COVID19VaccDosesAdministered","2021-02-17_23-59-00","summary"
"CHFL",2021-02-03,8644780,369085,4.27,"COVID19VaccDosesAdministered","2021-02-17_23-59-00","summary"
"CHFL",2021-02-04,8644780,369085,4.27,"COVID19VaccDosesAdministered","2021-02-17_23-59-00","summary"
"CHFL",2021-02-05,8644780,369085,4.27,"COVID19VaccDosesAdministered","2021-02-17_23-59-00","summary"
"CHFL",2021-02-06,8644780,369085,4.27,"COVID19VaccDosesAdministered","2021-02-17_23-59-00","summary"
"CHFL",2021-02-07,8644780,413698,4.79,"COVID19VaccDosesAdministered","2021-02-17_23-59-00","summary"
"CHFL",2021-02-08,8644780,413698,4.79,"COVID19VaccDosesAdministered","2021-02-17_23-59-00","summary"
"CHFL",2021-02-09,8644780,413698,4.79,"COVID19VaccDosesAdministered","2021-02-17_23-59-00","summary"
"CHFL",2021-02-10,8644780,482423,5.58,"COVID19VaccDosesAdministered","2021-02-17_23-59-00","summary"
"CHFL",2021-02-11,8644780,482423,5.58,"COVID19VaccDosesAdministered","2021-02-17_23-59-00","summary"
"CHFL",2021-02-12,8644780,482423,5.58,"COVID19VaccDosesAdministered","2021-02-17_23-59-00","summary"
"CHFL",2021-02-13,8644780,482423,5.58,"COVID19VaccDosesAdministered","2021-02-17_23-59-00","summary"
"CHFL",2021-02-14,8644780,542196,6.27,"COVID19VaccDosesAdministered","2021-02-17_23-59-00","summary"
"CHFL",2021-02-15,8644780,542196,6.27,"COVID19VaccDosesAdministered","2021-02-17_23-59-00","summary"
"CHFL",2021-02-16,8644780,542196,6.27,"COVID19VaccDosesAdministered","2021-02-17_23-59-00","summary"
"CHFL",2021-02-17,8644780,613346,7.09,"COVID19VaccDosesAdministered","2021-02-17_23-59-00","summary"
"CH",2021-01-24,8606033,196213,2.28,"COVID19VaccDosesAdministered","2021-02-17_23-59-00","summary"
"CH",2021-01-25,8606033,196213,2.28,"COVID19VaccDosesAdministered","2021-02-17_23-59-00","summary"
"CH",2021-01-26,8606033,196213,2.28,"COVID19VaccDosesAdministered","2021-02-17_23-59-00","summary"
"CH",2021-01-27,8606033,258889,3.01,"COVID19VaccDosesAdministered","2021-02-17_23-59-00","summary"
"CH",2021-01-28,8606033,258889,3.01,"COVID19VaccDosesAdministered","2021-02-17_23-59-00","summary"
"CH",2021-01-29,8606033,258889,3.01,"COVID19VaccDosesAdministered","2021-02-17_23-59-00","summary"
"CH",2021-01-30,8606033,258889,3.01,"COVID19VaccDosesAdministered","2021-02-17_23-59-00","summary"
"CH",2021-01-31,8606033,314200,3.65,"COVID19VaccDosesAdministered","2021-02-17_23-59-00","summary"
"CH",2021-02-01,8606033,314200,3.65,"COVID19VaccDosesAdministered","2021-02-17_23-59-00","summary"
"CH",2021-02-02,8606033,314200,3.65,"COVID19VaccDosesAdministered","2021-02-17_23-59-00","summary"
"CH",2021-02-03,8606033,368252,4.28,"COVID19VaccDosesAdministered","2021-02-17_23-59-00","summary"
"CH",2021-02-04,8606033,368252,4.28,"COVID19VaccDosesAdministered","2021-02-17_23-59-00","summary"
"CH",2021-02-05,8606033,368252,4.28,"COVID19VaccDosesAdministered","2021-02-17_23-59-00","summary"
"CH",2021-02-06,8606033,368252,4.28,"COVID19VaccDosesAdministered","2021-02-17_23-59-00","summary"
"CH",2021-02-07,8606033,412865,4.8,"COVID19VaccDosesAdministered","2021-02-17_23-59-00","summary"
"CH",2021-02-08,8606033,412865,4.8,"COVID19VaccDosesAdministered","2021-02-17_23-59-00","summary"
"CH",2021-02-09,8606033,412865,4.8,"COVID19VaccDosesAdministered","2021-02-17_23-59-00","summary"
"CH",2021-02-10,8606033,481405,5.59,"COVID19VaccDosesAdministered","2021-02-17_23-59-00","summary"
"CH",2021-02-11,8606033,481405,5.59,"COVID19VaccDosesAdministered","2021-02-17_23-59-00","summary"
"CH",2021-02-12,8606033,481405,5.59,"COVID19VaccDosesAdministered","2021-02-17_23-59-00","summary"
"CH",2021-02-13,8606033,481405,5.59,"COVID19VaccDosesAdministered","2021-02-17_23-59-00","summary"
"CH",2021-02-14,8606033,541031,6.29,"COVID19VaccDosesAdministered","2021-02-17_23-59-00","summary"
"CH",2021-02-15,8606033,541031,6.29,"COVID19VaccDosesAdministered","2021-02-17_23-59-00","summary"
"CH",2021-02-16,8606033,541031,6.29,"COVID19VaccDosesAdministered","2021-02-17_23-59-00","summary"
"CH",2021-02-17,8606033,611842,7.11,"COVID19VaccDosesAdministered","2021-02-17_23-59-00","summary"