"geoRegion","date","pop","sumTotal","per100PersonsTotal","type","version"
"AG",2021-01-24,685845,37725,5.5,"COVID19VaccDosesDelivered","2021-02-21_18-00-00"
"AG",2021-01-25,685845,37725,5.5,"COVID19VaccDosesDelivered","2021-02-21_18-00-00"
"AG",2021-01-26,685845,37725,5.5,"COVID19VaccDosesDelivered","2021-02-21_18-00-00"
"AG",2021-01-27,685845,40650,5.93,"COVID19VaccDosesDelivered","2021-02-21_18-00-00"
"AG",2021-01-28,685845,40650,5.93,"COVID19VaccDosesDelivered","2021-02-21_18-00-00"
"AG",2021-01-29,685845,40650,5.93,"COVID19VaccDosesDelivered","2021-02-21_18-00-00"
"AG",2021-01-30,685845,40650,5.93,"COVID19VaccDosesDelivered","2021-02-21_18-00-00"
"AG",2021-01-31,685845,40650,5.93,"COVID19VaccDosesDelivered","2021-02-21_18-00-00"
"AG",2021-02-01,685845,40650,5.93,"COVID19VaccDosesDelivered","2021-02-21_18-00-00"
"AG",2021-02-02,685845,40650,5.93,"COVID19VaccDosesDelivered","2021-02-21_18-00-00"
"AG",2021-02-03,685845,41625,6.07,"COVID19VaccDosesDelivered","2021-02-21_18-00-00"
"AG",2021-02-04,685845,41625,6.07,"COVID19VaccDosesDelivered","2021-02-21_18-00-00"
"AG",2021-02-05,685845,41625,6.07,"COVID19VaccDosesDelivered","2021-02-21_18-00-00"
"AG",2021-02-06,685845,41625,6.07,"COVID19VaccDosesDelivered","2021-02-21_18-00-00"
"AG",2021-02-07,685845,60025,8.75,"COVID19VaccDosesDelivered","2021-02-21_18-00-00"
"AG",2021-02-08,685845,60025,8.75,"COVID19VaccDosesDelivered","2021-02-21_18-00-00"
"AG",2021-02-09,685845,60025,8.75,"COVID19VaccDosesDelivered","2021-02-21_18-00-00"
"AG",2021-02-10,685845,61000,8.89,"COVID19VaccDosesDelivered","2021-02-21_18-00-00"
"AG",2021-02-11,685845,61000,8.89,"COVID19VaccDosesDelivered","2021-02-21_18-00-00"
"AG",2021-02-12,685845,61000,8.89,"COVID19VaccDosesDelivered","2021-02-21_18-00-00"
"AG",2021-02-13,685845,61000,8.89,"COVID19VaccDosesDelivered","2021-02-21_18-00-00"
"AG",2021-02-14,685845,61000,8.89,"COVID19VaccDosesDelivered","2021-02-21_18-00-00"
"AG",2021-02-15,685845,61000,8.89,"COVID19VaccDosesDelivered","2021-02-21_18-00-00"
"AG",2021-02-16,685845,61000,8.89,"COVID19VaccDosesDelivered","2021-02-21_18-00-00"
"AG",2021-02-17,685845,67825,9.89,"COVID19VaccDosesDelivered","2021-02-21_18-00-00"
"AG",2021-02-18,685845,67825,9.89,"COVID19VaccDosesDelivered","2021-02-21_18-00-00"
"AG",2021-02-19,685845,67825,9.89,"COVID19VaccDosesDelivered","2021-02-21_18-00-00"
"AG",2021-02-20,685845,67825,9.89,"COVID19VaccDosesDelivered","2021-02-21_18-00-00"
"AG",2021-02-21,685845,67825,9.89,"COVID19VaccDosesDelivered","2021-02-21_18-00-00"
"AI",2021-01-24,16128,1375,8.53,"COVID19VaccDosesDelivered","2021-02-21_18-00-00"
"AI",2021-01-25,16128,1375,8.53,"COVID19VaccDosesDelivered","2021-02-21_18-00-00"
"AI",2021-01-26,16128,1375,8.53,"COVID19VaccDosesDelivered","2021-02-21_18-00-00"
"AI",2021-01-27,16128,1375,8.53,"COVID19VaccDosesDelivered","2021-02-21_18-00-00"
"AI",2021-01-28,16128,1375,8.53,"COVID19VaccDosesDelivered","2021-02-21_18-00-00"
"AI",2021-01-29,16128,1375,8.53,"COVID19VaccDosesDelivered","2021-02-21_18-00-00"
"AI",2021-01-30,16128,1375,8.53,"COVID19VaccDosesDelivered","2021-02-21_18-00-00"
"AI",2021-01-31,16128,1375,8.53,"COVID19VaccDosesDelivered","2021-02-21_18-00-00"
"AI",2021-02-01,16128,1375,8.53,"COVID19VaccDosesDelivered","2021-02-21_18-00-00"
"AI",2021-02-02,16128,1375,8.53,"COVID19VaccDosesDelivered","2021-02-21_18-00-00"
"AI",2021-02-03,16128,1375,8.53,"COVID19VaccDosesDelivered","2021-02-21_18-00-00"
"AI",2021-02-04,16128,1375,8.53,"COVID19VaccDosesDelivered","2021-02-21_18-00-00"
"AI",2021-02-05,16128,1375,8.53,"COVID19VaccDosesDelivered","2021-02-21_18-00-00"
"AI",2021-02-06,16128,1375,8.53,"COVID19VaccDosesDelivered","2021-02-21_18-00-00"
"AI",2021-02-07,16128,1375,8.53,"COVID19VaccDosesDelivered","2021-02-21_18-00-00"
"AI",2021-02-08,16128,1375,8.53,"COVID19VaccDosesDelivered","2021-02-21_18-00-00"
"AI",2021-02-09,16128,1375,8.53,"COVID19VaccDosesDelivered","2021-02-21_18-00-00"
"AI",2021-02-10,16128,1475,9.15,"COVID19VaccDosesDelivered","2021-02-21_18-00-00"
"AI",2021-02-11,16128,1475,9.15,"COVID19VaccDosesDelivered","2021-02-21_18-00-00"
"AI",2021-02-12,16128,1475,9.15,"COVID19VaccDosesDelivered","2021-02-21_18-00-00"
"AI",2021-02-13,16128,1475,9.15,"COVID19VaccDosesDelivered","2021-02-21_18-00-00"
"AI",2021-02-14,16128,1875,11.63,"COVID19VaccDosesDelivered","2021-02-21_18-00-00"
"AI",2021-02-15,16128,1875,11.63,"COVID19VaccDosesDelivered","2021-02-21_18-00-00"
"AI",2021-02-16,16128,1875,11.63,"COVID19VaccDosesDelivered","2021-02-21_18-00-00"
"AI",2021-02-17,16128,1875,11.63,"COVID19VaccDosesDelivered","2021-02-21_18-00-00"
"AI",2021-02-18,16128,1875,11.63,"COVID19VaccDosesDelivered","2021-02-21_18-00-00"
"AI",2021-02-19,16128,1875,11.63,"COVID19VaccDosesDelivered","2021-02-21_18-00-00"
"AI",2021-02-20,16128,1875,11.63,"COVID19VaccDosesDelivered","2021-02-21_18-00-00"
"AI",2021-02-21,16128,1875,11.63,"COVID19VaccDosesDelivered","2021-02-21_18-00-00"
"AR",2021-01-24,55445,4325,7.8,"COVID19VaccDosesDelivered","2021-02-21_18-00-00"
"AR",2021-01-25,55445,4325,7.8,"COVID19VaccDosesDelivered","2021-02-21_18-00-00"
"AR",2021-01-26,55445,4325,7.8,"COVID19VaccDosesDelivered","2021-02-21_18-00-00"
"AR",2021-01-27,55445,4325,7.8,"COVID19VaccDosesDelivered","2021-02-21_18-00-00"
"AR",2021-01-28,55445,4325,7.8,"COVID19VaccDosesDelivered","2021-02-21_18-00-00"
"AR",2021-01-29,55445,4325,7.8,"COVID19VaccDosesDelivered","2021-02-21_18-00-00"
"AR",2021-01-30,55445,4325,7.8,"COVID19VaccDosesDelivered","2021-02-21_18-00-00"
"AR",2021-01-31,55445,4325,7.8,"COVID19VaccDosesDelivered","2021-02-21_18-00-00"
"AR",2021-02-01,55445,4325,7.8,"COVID19VaccDosesDelivered","2021-02-21_18-00-00"
"AR",2021-02-02,55445,4325,7.8,"COVID19VaccDosesDelivered","2021-02-21_18-00-00"
"AR",2021-02-03,55445,4325,7.8,"COVID19VaccDosesDelivered","2021-02-21_18-00-00"
"AR",2021-02-04,55445,4325,7.8,"COVID19VaccDosesDelivered","2021-02-21_18-00-00"
"AR",2021-02-05,55445,4325,7.8,"COVID19VaccDosesDelivered","2021-02-21_18-00-00"
"AR",2021-02-06,55445,4325,7.8,"COVID19VaccDosesDelivered","2021-02-21_18-00-00"
"AR",2021-02-07,55445,5925,10.69,"COVID19VaccDosesDelivered","2021-02-21_18-00-00"
"AR",2021-02-08,55445,5925,10.69,"COVID19VaccDosesDelivered","2021-02-21_18-00-00"
"AR",2021-02-09,55445,5925,10.69,"COVID19VaccDosesDelivered","2021-02-21_18-00-00"
"AR",2021-02-10,55445,6095,10.99,"COVID19VaccDosesDelivered","2021-02-21_18-00-00"
"AR",2021-02-11,55445,6095,10.99,"COVID19VaccDosesDelivered","2021-02-21_18-00-00"
"AR",2021-02-12,55445,6095,10.99,"COVID19VaccDosesDelivered","2021-02-21_18-00-00"
"AR",2021-02-13,55445,6095,10.99,"COVID19VaccDosesDelivered","2021-02-21_18-00-00"
"AR",2021-02-14,55445,6095,10.99,"COVID19VaccDosesDelivered","2021-02-21_18-00-00"
"AR",2021-02-15,55445,6095,10.99,"COVID19VaccDosesDelivered","2021-02-21_18-00-00"
"AR",2021-02-16,55445,6095,10.99,"COVID19VaccDosesDelivered","2021-02-21_18-00-00"
"AR",2021-02-17,55445,6095,10.99,"COVID19VaccDosesDelivered","2021-02-21_18-00-00"
"AR",2021-02-18,55445,6095,10.99,"COVID19VaccDosesDelivered","2021-02-21_18-00-00"
"AR",2021-02-19,55445,6095,10.99,"COVID19VaccDosesDelivered","2021-02-21_18-00-00"
"AR",2021-02-20,55445,6095,10.99,"COVID19VaccDosesDelivered","2021-02-21_18-00-00"
"AR",2021-02-21,55445,6095,10.99,"COVID19VaccDosesDelivered","2021-02-21_18-00-00"
"BE",2021-01-24,1039474,39250,3.78,"COVID19VaccDosesDelivered","2021-02-21_18-00-00"
"BE",2021-01-25,1039474,39250,3.78,"COVID19VaccDosesDelivered","2021-02-21_18-00-00"
"BE",2021-01-26,1039474,39250,3.78,"COVID19VaccDosesDelivered","2021-02-21_18-00-00"
"BE",2021-01-27,1039474,63050,6.07,"COVID19VaccDosesDelivered","2021-02-21_18-00-00"
"BE",2021-01-28,1039474,63050,6.07,"COVID19VaccDosesDelivered","2021-02-21_18-00-00"
"BE",2021-01-29,1039474,63050,6.07,"COVID19VaccDosesDelivered","2021-02-21_18-00-00"
"BE",2021-01-30,1039474,63050,6.07,"COVID19VaccDosesDelivered","2021-02-21_18-00-00"
"BE",2021-01-31,1039474,63050,6.07,"COVID19VaccDosesDelivered","2021-02-21_18-00-00"
"BE",2021-02-01,1039474,63050,6.07,"COVID19VaccDosesDelivered","2021-02-21_18-00-00"
"BE",2021-02-02,1039474,63050,6.07,"COVID19VaccDosesDelivered","2021-02-21_18-00-00"
"BE",2021-02-03,1039474,69400,6.68,"COVID19VaccDosesDelivered","2021-02-21_18-00-00"
"BE",2021-02-04,1039474,69400,6.68,"COVID19VaccDosesDelivered","2021-02-21_18-00-00"
"BE",2021-02-05,1039474,69400,6.68,"COVID19VaccDosesDelivered","2021-02-21_18-00-00"
"BE",2021-02-06,1039474,69400,6.68,"COVID19VaccDosesDelivered","2021-02-21_18-00-00"
"BE",2021-02-07,1039474,69400,6.68,"COVID19VaccDosesDelivered","2021-02-21_18-00-00"
"BE",2021-02-08,1039474,69400,6.68,"COVID19VaccDosesDelivered","2021-02-21_18-00-00"
"BE",2021-02-09,1039474,69400,6.68,"COVID19VaccDosesDelivered","2021-02-21_18-00-00"
"BE",2021-02-10,1039474,89400,8.6,"COVID19VaccDosesDelivered","2021-02-21_18-00-00"
"BE",2021-02-11,1039474,89400,8.6,"COVID19VaccDosesDelivered","2021-02-21_18-00-00"
"BE",2021-02-12,1039474,89400,8.6,"COVID19VaccDosesDelivered","2021-02-21_18-00-00"
"BE",2021-02-13,1039474,89400,8.6,"COVID19VaccDosesDelivered","2021-02-21_18-00-00"
"BE",2021-02-14,1039474,89400,8.6,"COVID19VaccDosesDelivered","2021-02-21_18-00-00"
"BE",2021-02-15,1039474,89400,8.6,"COVID19VaccDosesDelivered","2021-02-21_18-00-00"
"BE",2021-02-16,1039474,89400,8.6,"COVID19VaccDosesDelivered","2021-02-21_18-00-00"
"BE",2021-02-17,1039474,103900,10,"COVID19VaccDosesDelivered","2021-02-21_18-00-00"
"BE",2021-02-18,1039474,103900,10,"COVID19VaccDosesDelivered","2021-02-21_18-00-00"
"BE",2021-02-19,1039474,103900,10,"COVID19VaccDosesDelivered","2021-02-21_18-00-00"
"BE",2021-02-20,1039474,103900,10,"COVID19VaccDosesDelivered","2021-02-21_18-00-00"
"BE",2021-02-21,1039474,116575,11.21,"COVID19VaccDosesDelivered","2021-02-21_18-00-00"
"BL",2021-01-24,289468,20175,6.97,"COVID19VaccDosesDelivered","2021-02-21_18-00-00"
"BL",2021-01-25,289468,20175,6.97,"COVID19VaccDosesDelivered","2021-02-21_18-00-00"
"BL",2021-01-26,289468,20175,6.97,"COVID19VaccDosesDelivered","2021-02-21_18-00-00"
"BL",2021-01-27,289468,21150,7.31,"COVID19VaccDosesDelivered","2021-02-21_18-00-00"
"BL",2021-01-28,289468,21150,7.31,"COVID19VaccDosesDelivered","2021-02-21_18-00-00"
"BL",2021-01-29,289468,21150,7.31,"COVID19VaccDosesDelivered","2021-02-21_18-00-00"
"BL",2021-01-30,289468,21150,7.31,"COVID19VaccDosesDelivered","2021-02-21_18-00-00"
"BL",2021-01-31,289468,21150,7.31,"COVID19VaccDosesDelivered","2021-02-21_18-00-00"
"BL",2021-02-01,289468,21150,7.31,"COVID19VaccDosesDelivered","2021-02-21_18-00-00"
"BL",2021-02-02,289468,21150,7.31,"COVID19VaccDosesDelivered","2021-02-21_18-00-00"
"BL",2021-02-03,289468,21150,7.31,"COVID19VaccDosesDelivered","2021-02-21_18-00-00"
"BL",2021-02-04,289468,21150,7.31,"COVID19VaccDosesDelivered","2021-02-21_18-00-00"
"BL",2021-02-05,289468,21150,7.31,"COVID19VaccDosesDelivered","2021-02-21_18-00-00"
"BL",2021-02-06,289468,21150,7.31,"COVID19VaccDosesDelivered","2021-02-21_18-00-00"
"BL",2021-02-07,289468,21150,7.31,"COVID19VaccDosesDelivered","2021-02-21_18-00-00"
"BL",2021-02-08,289468,21150,7.31,"COVID19VaccDosesDelivered","2021-02-21_18-00-00"
"BL",2021-02-09,289468,21150,7.31,"COVID19VaccDosesDelivered","2021-02-21_18-00-00"
"BL",2021-02-10,289468,31125,10.75,"COVID19VaccDosesDelivered","2021-02-21_18-00-00"
"BL",2021-02-11,289468,31125,10.75,"COVID19VaccDosesDelivered","2021-02-21_18-00-00"
"BL",2021-02-12,289468,31125,10.75,"COVID19VaccDosesDelivered","2021-02-21_18-00-00"
"BL",2021-02-13,289468,31125,10.75,"COVID19VaccDosesDelivered","2021-02-21_18-00-00"
"BL",2021-02-14,289468,31125,10.75,"COVID19VaccDosesDelivered","2021-02-21_18-00-00"
"BL",2021-02-15,289468,31125,10.75,"COVID19VaccDosesDelivered","2021-02-21_18-00-00"
"BL",2021-02-16,289468,31125,10.75,"COVID19VaccDosesDelivered","2021-02-21_18-00-00"
"BL",2021-02-17,289468,34050,11.76,"COVID19VaccDosesDelivered","2021-02-21_18-00-00"
"BL",2021-02-18,289468,34050,11.76,"COVID19VaccDosesDelivered","2021-02-21_18-00-00"
"BL",2021-02-19,289468,34050,11.76,"COVID19VaccDosesDelivered","2021-02-21_18-00-00"
"BL",2021-02-20,289468,34050,11.76,"COVID19VaccDosesDelivered","2021-02-21_18-00-00"
"BL",2021-02-21,289468,34050,11.76,"COVID19VaccDosesDelivered","2021-02-21_18-00-00"
"BS",2021-01-24,195844,13575,6.93,"COVID19VaccDosesDelivered","2021-02-21_18-00-00"
"BS",2021-01-25,195844,13575,6.93,"COVID19VaccDosesDelivered","2021-02-21_18-00-00"
"BS",2021-01-26,195844,13575,6.93,"COVID19VaccDosesDelivered","2021-02-21_18-00-00"
"BS",2021-01-27,195844,14550,7.43,"COVID19VaccDosesDelivered","2021-02-21_18-00-00"
"BS",2021-01-28,195844,14550,7.43,"COVID19VaccDosesDelivered","2021-02-21_18-00-00"
"BS",2021-01-29,195844,14550,7.43,"COVID19VaccDosesDelivered","2021-02-21_18-00-00"
"BS",2021-01-30,195844,14550,7.43,"COVID19VaccDosesDelivered","2021-02-21_18-00-00"
"BS",2021-01-31,195844,14550,7.43,"COVID19VaccDosesDelivered","2021-02-21_18-00-00"
"BS",2021-02-01,195844,14550,7.43,"COVID19VaccDosesDelivered","2021-02-21_18-00-00"
"BS",2021-02-02,195844,14550,7.43,"COVID19VaccDosesDelivered","2021-02-21_18-00-00"
"BS",2021-02-03,195844,14550,7.43,"COVID19VaccDosesDelivered","2021-02-21_18-00-00"
"BS",2021-02-04,195844,14550,7.43,"COVID19VaccDosesDelivered","2021-02-21_18-00-00"
"BS",2021-02-05,195844,14550,7.43,"COVID19VaccDosesDelivered","2021-02-21_18-00-00"
"BS",2021-02-06,195844,14550,7.43,"COVID19VaccDosesDelivered","2021-02-21_18-00-00"
"BS",2021-02-07,195844,20350,10.39,"COVID19VaccDosesDelivered","2021-02-21_18-00-00"
"BS",2021-02-08,195844,20350,10.39,"COVID19VaccDosesDelivered","2021-02-21_18-00-00"
"BS",2021-02-09,195844,20350,10.39,"COVID19VaccDosesDelivered","2021-02-21_18-00-00"
"BS",2021-02-10,195844,21325,10.89,"COVID19VaccDosesDelivered","2021-02-21_18-00-00"
"BS",2021-02-11,195844,21325,10.89,"COVID19VaccDosesDelivered","2021-02-21_18-00-00"
"BS",2021-02-12,195844,21325,10.89,"COVID19VaccDosesDelivered","2021-02-21_18-00-00"
"BS",2021-02-13,195844,21325,10.89,"COVID19VaccDosesDelivered","2021-02-21_18-00-00"
"BS",2021-02-14,195844,21325,10.89,"COVID19VaccDosesDelivered","2021-02-21_18-00-00"
"BS",2021-02-15,195844,21325,10.89,"COVID19VaccDosesDelivered","2021-02-21_18-00-00"
"BS",2021-02-16,195844,21325,10.89,"COVID19VaccDosesDelivered","2021-02-21_18-00-00"
"BS",2021-02-17,195844,21325,10.89,"COVID19VaccDosesDelivered","2021-02-21_18-00-00"
"BS",2021-02-18,195844,21325,10.89,"COVID19VaccDosesDelivered","2021-02-21_18-00-00"
"BS",2021-02-19,195844,21325,10.89,"COVID19VaccDosesDelivered","2021-02-21_18-00-00"
"BS",2021-02-20,195844,21325,10.89,"COVID19VaccDosesDelivered","2021-02-21_18-00-00"
"BS",2021-02-21,195844,21325,10.89,"COVID19VaccDosesDelivered","2021-02-21_18-00-00"
"CH",2021-01-24,8606033,469625,5.46,"COVID19VaccDosesDelivered","2021-02-21_18-00-00"
"CH",2021-01-25,8606033,469625,5.46,"COVID19VaccDosesDelivered","2021-02-21_18-00-00"
"CH",2021-01-26,8606033,469625,5.46,"COVID19VaccDosesDelivered","2021-02-21_18-00-00"
"CH",2021-01-27,8606033,513900,5.97,"COVID19VaccDosesDelivered","2021-02-21_18-00-00"
"CH",2021-01-28,8606033,513900,5.97,"COVID19VaccDosesDelivered","2021-02-21_18-00-00"
"CH",2021-01-29,8606033,513900,5.97,"COVID19VaccDosesDelivered","2021-02-21_18-00-00"
"CH",2021-01-30,8606033,513900,5.97,"COVID19VaccDosesDelivered","2021-02-21_18-00-00"
"CH",2021-01-31,8606033,515850,5.99,"COVID19VaccDosesDelivered","2021-02-21_18-00-00"
"CH",2021-02-01,8606033,515850,5.99,"COVID19VaccDosesDelivered","2021-02-21_18-00-00"
"CH",2021-02-02,8606033,515850,5.99,"COVID19VaccDosesDelivered","2021-02-21_18-00-00"
"CH",2021-02-03,8606033,537800,6.25,"COVID19VaccDosesDelivered","2021-02-21_18-00-00"
"CH",2021-02-04,8606033,537800,6.25,"COVID19VaccDosesDelivered","2021-02-21_18-00-00"
"CH",2021-02-05,8606033,537800,6.25,"COVID19VaccDosesDelivered","2021-02-21_18-00-00"
"CH",2021-02-06,8606033,537800,6.25,"COVID19VaccDosesDelivered","2021-02-21_18-00-00"
"CH",2021-02-07,8606033,693925,8.06,"COVID19VaccDosesDelivered","2021-02-21_18-00-00"
"CH",2021-02-08,8606033,693925,8.06,"COVID19VaccDosesDelivered","2021-02-21_18-00-00"
"CH",2021-02-09,8606033,693925,8.06,"COVID19VaccDosesDelivered","2021-02-21_18-00-00"
"CH",2021-02-10,8606033,778525,9.05,"COVID19VaccDosesDelivered","2021-02-21_18-00-00"
"CH",2021-02-11,8606033,778525,9.05,"COVID19VaccDosesDelivered","2021-02-21_18-00-00"
"CH",2021-02-12,8606033,778525,9.05,"COVID19VaccDosesDelivered","2021-02-21_18-00-00"
"CH",2021-02-13,8606033,778525,9.05,"COVID19VaccDosesDelivered","2021-02-21_18-00-00"
"CH",2021-02-14,8606033,778925,9.05,"COVID19VaccDosesDelivered","2021-02-21_18-00-00"
"CH",2021-02-15,8606033,778925,9.05,"COVID19VaccDosesDelivered","2021-02-21_18-00-00"
"CH",2021-02-16,8606033,778925,9.05,"COVID19VaccDosesDelivered","2021-02-21_18-00-00"
"CH",2021-02-17,8606033,844150,9.81,"COVID19VaccDosesDelivered","2021-02-21_18-00-00"
"CH",2021-02-18,8606033,844150,9.81,"COVID19VaccDosesDelivered","2021-02-21_18-00-00"
"CH",2021-02-19,8606033,844150,9.81,"COVID19VaccDosesDelivered","2021-02-21_18-00-00"
"CH",2021-02-20,8606033,844150,9.81,"COVID19VaccDosesDelivered","2021-02-21_18-00-00"
"CH",2021-02-21,8606033,862675,10.02,"COVID19VaccDosesDelivered","2021-02-21_18-00-00"
"CHFL",2021-01-24,8644780,471400,5.45,"COVID19VaccDosesDelivered","2021-02-21_18-00-00"
"CHFL",2021-01-25,8644780,471400,5.45,"COVID19VaccDosesDelivered","2021-02-21_18-00-00"
"CHFL",2021-01-26,8644780,471400,5.45,"COVID19VaccDosesDelivered","2021-02-21_18-00-00"
"CHFL",2021-01-27,8644780,515675,5.97,"COVID19VaccDosesDelivered","2021-02-21_18-00-00"
"CHFL",2021-01-28,8644780,515675,5.97,"COVID19VaccDosesDelivered","2021-02-21_18-00-00"
"CHFL",2021-01-29,8644780,515675,5.97,"COVID19VaccDosesDelivered","2021-02-21_18-00-00"
"CHFL",2021-01-30,8644780,515675,5.97,"COVID19VaccDosesDelivered","2021-02-21_18-00-00"
"CHFL",2021-01-31,8644780,517625,5.99,"COVID19VaccDosesDelivered","2021-02-21_18-00-00"
"CHFL",2021-02-01,8644780,517625,5.99,"COVID19VaccDosesDelivered","2021-02-21_18-00-00"
"CHFL",2021-02-02,8644780,517625,5.99,"COVID19VaccDosesDelivered","2021-02-21_18-00-00"
"CHFL",2021-02-03,8644780,539575,6.24,"COVID19VaccDosesDelivered","2021-02-21_18-00-00"
"CHFL",2021-02-04,8644780,539575,6.24,"COVID19VaccDosesDelivered","2021-02-21_18-00-00"
"CHFL",2021-02-05,8644780,539575,6.24,"COVID19VaccDosesDelivered","2021-02-21_18-00-00"
"CHFL",2021-02-06,8644780,539575,6.24,"COVID19VaccDosesDelivered","2021-02-21_18-00-00"
"CHFL",2021-02-07,8644780,696700,8.06,"COVID19VaccDosesDelivered","2021-02-21_18-00-00"
"CHFL",2021-02-08,8644780,696700,8.06,"COVID19VaccDosesDelivered","2021-02-21_18-00-00"
"CHFL",2021-02-09,8644780,696700,8.06,"COVID19VaccDosesDelivered","2021-02-21_18-00-00"
"CHFL",2021-02-10,8644780,782275,9.05,"COVID19VaccDosesDelivered","2021-02-21_18-00-00"
"CHFL",2021-02-11,8644780,782275,9.05,"COVID19VaccDosesDelivered","2021-02-21_18-00-00"
"CHFL",2021-02-12,8644780,782275,9.05,"COVID19VaccDosesDelivered","2021-02-21_18-00-00"
"CHFL",2021-02-13,8644780,782275,9.05,"COVID19VaccDosesDelivered","2021-02-21_18-00-00"
"CHFL",2021-02-14,8644780,782675,9.05,"COVID19VaccDosesDelivered","2021-02-21_18-00-00"
"CHFL",2021-02-15,8644780,782675,9.05,"COVID19VaccDosesDelivered","2021-02-21_18-00-00"
"CHFL",2021-02-16,8644780,782675,9.05,"COVID19VaccDosesDelivered","2021-02-21_18-00-00"
"CHFL",2021-02-17,8644780,847900,9.81,"COVID19VaccDosesDelivered","2021-02-21_18-00-00"
"CHFL",2021-02-18,8644780,847900,9.81,"COVID19VaccDosesDelivered","2021-02-21_18-00-00"
"CHFL",2021-02-19,8644780,847900,9.81,"COVID19VaccDosesDelivered","2021-02-21_18-00-00"
"CHFL",2021-02-20,8644780,847900,9.81,"COVID19VaccDosesDelivered","2021-02-21_18-00-00"
"CHFL",2021-02-21,8644780,866425,10.02,"COVID19VaccDosesDelivered","2021-02-21_18-00-00"
"FL",2021-01-24,38747,1775,4.58,"COVID19VaccDosesDelivered","2021-02-21_18-00-00"
"FL",2021-01-25,38747,1775,4.58,"COVID19VaccDosesDelivered","2021-02-21_18-00-00"
"FL",2021-01-26,38747,1775,4.58,"COVID19VaccDosesDelivered","2021-02-21_18-00-00"
"FL",2021-01-27,38747,1775,4.58,"COVID19VaccDosesDelivered","2021-02-21_18-00-00"
"FL",2021-01-28,38747,1775,4.58,"COVID19VaccDosesDelivered","2021-02-21_18-00-00"
"FL",2021-01-29,38747,1775,4.58,"COVID19VaccDosesDelivered","2021-02-21_18-00-00"
"FL",2021-01-30,38747,1775,4.58,"COVID19VaccDosesDelivered","2021-02-21_18-00-00"
"FL",2021-01-31,38747,1775,4.58,"COVID19VaccDosesDelivered","2021-02-21_18-00-00"
"FL",2021-02-01,38747,1775,4.58,"COVID19VaccDosesDelivered","2021-02-21_18-00-00"
"FL",2021-02-02,38747,1775,4.58,"COVID19VaccDosesDelivered","2021-02-21_18-00-00"
"FL",2021-02-03,38747,1775,4.58,"COVID19VaccDosesDelivered","2021-02-21_18-00-00"
"FL",2021-02-04,38747,1775,4.58,"COVID19VaccDosesDelivered","2021-02-21_18-00-00"
"FL",2021-02-05,38747,1775,4.58,"COVID19VaccDosesDelivered","2021-02-21_18-00-00"
"FL",2021-02-06,38747,1775,4.58,"COVID19VaccDosesDelivered","2021-02-21_18-00-00"
"FL",2021-02-07,38747,2775,7.16,"COVID19VaccDosesDelivered","2021-02-21_18-00-00"
"FL",2021-02-08,38747,2775,7.16,"COVID19VaccDosesDelivered","2021-02-21_18-00-00"
"FL",2021-02-09,38747,2775,7.16,"COVID19VaccDosesDelivered","2021-02-21_18-00-00"
"FL",2021-02-10,38747,3750,9.68,"COVID19VaccDosesDelivered","2021-02-21_18-00-00"
"FL",2021-02-11,38747,3750,9.68,"COVID19VaccDosesDelivered","2021-02-21_18-00-00"
"FL",2021-02-12,38747,3750,9.68,"COVID19VaccDosesDelivered","2021-02-21_18-00-00"
"FL",2021-02-13,38747,3750,9.68,"COVID19VaccDosesDelivered","2021-02-21_18-00-00"
"FL",2021-02-14,38747,3750,9.68,"COVID19VaccDosesDelivered","2021-02-21_18-00-00"
"FL",2021-02-15,38747,3750,9.68,"COVID19VaccDosesDelivered","2021-02-21_18-00-00"
"FL",2021-02-16,38747,3750,9.68,"COVID19VaccDosesDelivered","2021-02-21_18-00-00"
"FL",2021-02-17,38747,3750,9.68,"COVID19VaccDosesDelivered","2021-02-21_18-00-00"
"FL",2021-02-18,38747,3750,9.68,"COVID19VaccDosesDelivered","2021-02-21_18-00-00"
"FL",2021-02-19,38747,3750,9.68,"COVID19VaccDosesDelivered","2021-02-21_18-00-00"
"FL",2021-02-20,38747,3750,9.68,"COVID19VaccDosesDelivered","2021-02-21_18-00-00"
"FL",2021-02-21,38747,3750,9.68,"COVID19VaccDosesDelivered","2021-02-21_18-00-00"
"FR",2021-01-24,321783,16350,5.08,"COVID19VaccDosesDelivered","2021-02-21_18-00-00"
"FR",2021-01-25,321783,16350,5.08,"COVID19VaccDosesDelivered","2021-02-21_18-00-00"
"FR",2021-01-26,321783,16350,5.08,"COVID19VaccDosesDelivered","2021-02-21_18-00-00"
"FR",2021-01-27,321783,17325,5.38,"COVID19VaccDosesDelivered","2021-02-21_18-00-00"
"FR",2021-01-28,321783,17325,5.38,"COVID19VaccDosesDelivered","2021-02-21_18-00-00"
"FR",2021-01-29,321783,17325,5.38,"COVID19VaccDosesDelivered","2021-02-21_18-00-00"
"FR",2021-01-30,321783,17325,5.38,"COVID19VaccDosesDelivered","2021-02-21_18-00-00"
"FR",2021-01-31,321783,17325,5.38,"COVID19VaccDosesDelivered","2021-02-21_18-00-00"
"FR",2021-02-01,321783,17325,5.38,"COVID19VaccDosesDelivered","2021-02-21_18-00-00"
"FR",2021-02-02,321783,17325,5.38,"COVID19VaccDosesDelivered","2021-02-21_18-00-00"
"FR",2021-02-03,321783,19275,5.99,"COVID19VaccDosesDelivered","2021-02-21_18-00-00"
"FR",2021-02-04,321783,19275,5.99,"COVID19VaccDosesDelivered","2021-02-21_18-00-00"
"FR",2021-02-05,321783,19275,5.99,"COVID19VaccDosesDelivered","2021-02-21_18-00-00"
"FR",2021-02-06,321783,19275,5.99,"COVID19VaccDosesDelivered","2021-02-21_18-00-00"
"FR",2021-02-07,321783,27275,8.48,"COVID19VaccDosesDelivered","2021-02-21_18-00-00"
"FR",2021-02-08,321783,27275,8.48,"COVID19VaccDosesDelivered","2021-02-21_18-00-00"
"FR",2021-02-09,321783,27275,8.48,"COVID19VaccDosesDelivered","2021-02-21_18-00-00"
"FR",2021-02-10,321783,27275,8.48,"COVID19VaccDosesDelivered","2021-02-21_18-00-00"
"FR",2021-02-11,321783,27275,8.48,"COVID19VaccDosesDelivered","2021-02-21_18-00-00"
"FR",2021-02-12,321783,27275,8.48,"COVID19VaccDosesDelivered","2021-02-21_18-00-00"
"FR",2021-02-13,321783,27275,8.48,"COVID19VaccDosesDelivered","2021-02-21_18-00-00"
"FR",2021-02-14,321783,27275,8.48,"COVID19VaccDosesDelivered","2021-02-21_18-00-00"
"FR",2021-02-15,321783,27275,8.48,"COVID19VaccDosesDelivered","2021-02-21_18-00-00"
"FR",2021-02-16,321783,27275,8.48,"COVID19VaccDosesDelivered","2021-02-21_18-00-00"
"FR",2021-02-17,321783,30200,9.39,"COVID19VaccDosesDelivered","2021-02-21_18-00-00"
"FR",2021-02-18,321783,30200,9.39,"COVID19VaccDosesDelivered","2021-02-21_18-00-00"
"FR",2021-02-19,321783,30200,9.39,"COVID19VaccDosesDelivered","2021-02-21_18-00-00"
"FR",2021-02-20,321783,30200,9.39,"COVID19VaccDosesDelivered","2021-02-21_18-00-00"
"FR",2021-02-21,321783,30200,9.39,"COVID19VaccDosesDelivered","2021-02-21_18-00-00"
"GE",2021-01-24,504128,26100,5.18,"COVID19VaccDosesDelivered","2021-02-21_18-00-00"
"GE",2021-01-25,504128,26100,5.18,"COVID19VaccDosesDelivered","2021-02-21_18-00-00"
"GE",2021-01-26,504128,26100,5.18,"COVID19VaccDosesDelivered","2021-02-21_18-00-00"
"GE",2021-01-27,504128,28050,5.56,"COVID19VaccDosesDelivered","2021-02-21_18-00-00"
"GE",2021-01-28,504128,28050,5.56,"COVID19VaccDosesDelivered","2021-02-21_18-00-00"
"GE",2021-01-29,504128,28050,5.56,"COVID19VaccDosesDelivered","2021-02-21_18-00-00"
"GE",2021-01-30,504128,28050,5.56,"COVID19VaccDosesDelivered","2021-02-21_18-00-00"
"GE",2021-01-31,504128,28050,5.56,"COVID19VaccDosesDelivered","2021-02-21_18-00-00"
"GE",2021-02-01,504128,28050,5.56,"COVID19VaccDosesDelivered","2021-02-21_18-00-00"
"GE",2021-02-02,504128,28050,5.56,"COVID19VaccDosesDelivered","2021-02-21_18-00-00"
"GE",2021-02-03,504128,29025,5.76,"COVID19VaccDosesDelivered","2021-02-21_18-00-00"
"GE",2021-02-04,504128,29025,5.76,"COVID19VaccDosesDelivered","2021-02-21_18-00-00"
"GE",2021-02-05,504128,29025,5.76,"COVID19VaccDosesDelivered","2021-02-21_18-00-00"
"GE",2021-02-06,504128,29025,5.76,"COVID19VaccDosesDelivered","2021-02-21_18-00-00"
"GE",2021-02-07,504128,29025,5.76,"COVID19VaccDosesDelivered","2021-02-21_18-00-00"
"GE",2021-02-08,504128,29025,5.76,"COVID19VaccDosesDelivered","2021-02-21_18-00-00"
"GE",2021-02-09,504128,29025,5.76,"COVID19VaccDosesDelivered","2021-02-21_18-00-00"
"GE",2021-02-10,504128,42600,8.45,"COVID19VaccDosesDelivered","2021-02-21_18-00-00"
"GE",2021-02-11,504128,42600,8.45,"COVID19VaccDosesDelivered","2021-02-21_18-00-00"
"GE",2021-02-12,504128,42600,8.45,"COVID19VaccDosesDelivered","2021-02-21_18-00-00"
"GE",2021-02-13,504128,42600,8.45,"COVID19VaccDosesDelivered","2021-02-21_18-00-00"
"GE",2021-02-14,504128,42600,8.45,"COVID19VaccDosesDelivered","2021-02-21_18-00-00"
"GE",2021-02-15,504128,42600,8.45,"COVID19VaccDosesDelivered","2021-02-21_18-00-00"
"GE",2021-02-16,504128,42600,8.45,"COVID19VaccDosesDelivered","2021-02-21_18-00-00"
"GE",2021-02-17,504128,46500,9.22,"COVID19VaccDosesDelivered","2021-02-21_18-00-00"
"GE",2021-02-18,504128,46500,9.22,"COVID19VaccDosesDelivered","2021-02-21_18-00-00"
"GE",2021-02-19,504128,46500,9.22,"COVID19VaccDosesDelivered","2021-02-21_18-00-00"
"GE",2021-02-20,504128,46500,9.22,"COVID19VaccDosesDelivered","2021-02-21_18-00-00"
"GE",2021-02-21,504128,46500,9.22,"COVID19VaccDosesDelivered","2021-02-21_18-00-00"
"GL",2021-01-24,40590,2950,7.27,"COVID19VaccDosesDelivered","2021-02-21_18-00-00"
"GL",2021-01-25,40590,2950,7.27,"COVID19VaccDosesDelivered","2021-02-21_18-00-00"
"GL",2021-01-26,40590,2950,7.27,"COVID19VaccDosesDelivered","2021-02-21_18-00-00"
"GL",2021-01-27,40590,2950,7.27,"COVID19VaccDosesDelivered","2021-02-21_18-00-00"
"GL",2021-01-28,40590,2950,7.27,"COVID19VaccDosesDelivered","2021-02-21_18-00-00"
"GL",2021-01-29,40590,2950,7.27,"COVID19VaccDosesDelivered","2021-02-21_18-00-00"
"GL",2021-01-30,40590,2950,7.27,"COVID19VaccDosesDelivered","2021-02-21_18-00-00"
"GL",2021-01-31,40590,2950,7.27,"COVID19VaccDosesDelivered","2021-02-21_18-00-00"
"GL",2021-02-01,40590,2950,7.27,"COVID19VaccDosesDelivered","2021-02-21_18-00-00"
"GL",2021-02-02,40590,2950,7.27,"COVID19VaccDosesDelivered","2021-02-21_18-00-00"
"GL",2021-02-03,40590,2950,7.27,"COVID19VaccDosesDelivered","2021-02-21_18-00-00"
"GL",2021-02-04,40590,2950,7.27,"COVID19VaccDosesDelivered","2021-02-21_18-00-00"
"GL",2021-02-05,40590,2950,7.27,"COVID19VaccDosesDelivered","2021-02-21_18-00-00"
"GL",2021-02-06,40590,2950,7.27,"COVID19VaccDosesDelivered","2021-02-21_18-00-00"
"GL",2021-02-07,40590,4150,10.22,"COVID19VaccDosesDelivered","2021-02-21_18-00-00"
"GL",2021-02-08,40590,4150,10.22,"COVID19VaccDosesDelivered","2021-02-21_18-00-00"
"GL",2021-02-09,40590,4150,10.22,"COVID19VaccDosesDelivered","2021-02-21_18-00-00"
"GL",2021-02-10,40590,4955,12.21,"COVID19VaccDosesDelivered","2021-02-21_18-00-00"
"GL",2021-02-11,40590,4955,12.21,"COVID19VaccDosesDelivered","2021-02-21_18-00-00"
"GL",2021-02-12,40590,4955,12.21,"COVID19VaccDosesDelivered","2021-02-21_18-00-00"
"GL",2021-02-13,40590,4955,12.21,"COVID19VaccDosesDelivered","2021-02-21_18-00-00"
"GL",2021-02-14,40590,4955,12.21,"COVID19VaccDosesDelivered","2021-02-21_18-00-00"
"GL",2021-02-15,40590,4955,12.21,"COVID19VaccDosesDelivered","2021-02-21_18-00-00"
"GL",2021-02-16,40590,4955,12.21,"COVID19VaccDosesDelivered","2021-02-21_18-00-00"
"GL",2021-02-17,40590,4955,12.21,"COVID19VaccDosesDelivered","2021-02-21_18-00-00"
"GL",2021-02-18,40590,4955,12.21,"COVID19VaccDosesDelivered","2021-02-21_18-00-00"
"GL",2021-02-19,40590,4955,12.21,"COVID19VaccDosesDelivered","2021-02-21_18-00-00"
"GL",2021-02-20,40590,4955,12.21,"COVID19VaccDosesDelivered","2021-02-21_18-00-00"
"GL",2021-02-21,40590,4955,12.21,"COVID19VaccDosesDelivered","2021-02-21_18-00-00"
"GR",2021-01-24,199021,11925,5.99,"COVID19VaccDosesDelivered","2021-02-21_18-00-00"
"GR",2021-01-25,199021,11925,5.99,"COVID19VaccDosesDelivered","2021-02-21_18-00-00"
"GR",2021-01-26,199021,11925,5.99,"COVID19VaccDosesDelivered","2021-02-21_18-00-00"
"GR",2021-01-27,199021,12900,6.48,"COVID19VaccDosesDelivered","2021-02-21_18-00-00"
"GR",2021-01-28,199021,12900,6.48,"COVID19VaccDosesDelivered","2021-02-21_18-00-00"
"GR",2021-01-29,199021,12900,6.48,"COVID19VaccDosesDelivered","2021-02-21_18-00-00"
"GR",2021-01-30,199021,12900,6.48,"COVID19VaccDosesDelivered","2021-02-21_18-00-00"
"GR",2021-01-31,199021,12900,6.48,"COVID19VaccDosesDelivered","2021-02-21_18-00-00"
"GR",2021-02-01,199021,12900,6.48,"COVID19VaccDosesDelivered","2021-02-21_18-00-00"
"GR",2021-02-02,199021,12900,6.48,"COVID19VaccDosesDelivered","2021-02-21_18-00-00"
"GR",2021-02-03,199021,13875,6.97,"COVID19VaccDosesDelivered","2021-02-21_18-00-00"
"GR",2021-02-04,199021,13875,6.97,"COVID19VaccDosesDelivered","2021-02-21_18-00-00"
"GR",2021-02-05,199021,13875,6.97,"COVID19VaccDosesDelivered","2021-02-21_18-00-00"
"GR",2021-02-06,199021,13875,6.97,"COVID19VaccDosesDelivered","2021-02-21_18-00-00"
"GR",2021-02-07,199021,20075,10.09,"COVID19VaccDosesDelivered","2021-02-21_18-00-00"
"GR",2021-02-08,199021,20075,10.09,"COVID19VaccDosesDelivered","2021-02-21_18-00-00"
"GR",2021-02-09,199021,20075,10.09,"COVID19VaccDosesDelivered","2021-02-21_18-00-00"
"GR",2021-02-10,199021,20075,10.09,"COVID19VaccDosesDelivered","2021-02-21_18-00-00"
"GR",2021-02-11,199021,20075,10.09,"COVID19VaccDosesDelivered","2021-02-21_18-00-00"
"GR",2021-02-12,199021,20075,10.09,"COVID19VaccDosesDelivered","2021-02-21_18-00-00"
"GR",2021-02-13,199021,20075,10.09,"COVID19VaccDosesDelivered","2021-02-21_18-00-00"
"GR",2021-02-14,199021,20075,10.09,"COVID19VaccDosesDelivered","2021-02-21_18-00-00"
"GR",2021-02-15,199021,20075,10.09,"COVID19VaccDosesDelivered","2021-02-21_18-00-00"
"GR",2021-02-16,199021,20075,10.09,"COVID19VaccDosesDelivered","2021-02-21_18-00-00"
"GR",2021-02-17,199021,23000,11.56,"COVID19VaccDosesDelivered","2021-02-21_18-00-00"
"GR",2021-02-18,199021,23000,11.56,"COVID19VaccDosesDelivered","2021-02-21_18-00-00"
"GR",2021-02-19,199021,23000,11.56,"COVID19VaccDosesDelivered","2021-02-21_18-00-00"
"GR",2021-02-20,199021,23000,11.56,"COVID19VaccDosesDelivered","2021-02-21_18-00-00"
"GR",2021-02-21,199021,23000,11.56,"COVID19VaccDosesDelivered","2021-02-21_18-00-00"
"JU",2021-01-24,73584,4725,6.42,"COVID19VaccDosesDelivered","2021-02-21_18-00-00"
"JU",2021-01-25,73584,4725,6.42,"COVID19VaccDosesDelivered","2021-02-21_18-00-00"
"JU",2021-01-26,73584,4725,6.42,"COVID19VaccDosesDelivered","2021-02-21_18-00-00"
"JU",2021-01-27,73584,5700,7.75,"COVID19VaccDosesDelivered","2021-02-21_18-00-00"
"JU",2021-01-28,73584,5700,7.75,"COVID19VaccDosesDelivered","2021-02-21_18-00-00"
"JU",2021-01-29,73584,5700,7.75,"COVID19VaccDosesDelivered","2021-02-21_18-00-00"
"JU",2021-01-30,73584,5700,7.75,"COVID19VaccDosesDelivered","2021-02-21_18-00-00"
"JU",2021-01-31,73584,5700,7.75,"COVID19VaccDosesDelivered","2021-02-21_18-00-00"
"JU",2021-02-01,73584,5700,7.75,"COVID19VaccDosesDelivered","2021-02-21_18-00-00"
"JU",2021-02-02,73584,5700,7.75,"COVID19VaccDosesDelivered","2021-02-21_18-00-00"
"JU",2021-02-03,73584,5700,7.75,"COVID19VaccDosesDelivered","2021-02-21_18-00-00"
"JU",2021-02-04,73584,5700,7.75,"COVID19VaccDosesDelivered","2021-02-21_18-00-00"
"JU",2021-02-05,73584,5700,7.75,"COVID19VaccDosesDelivered","2021-02-21_18-00-00"
"JU",2021-02-06,73584,5700,7.75,"COVID19VaccDosesDelivered","2021-02-21_18-00-00"
"JU",2021-02-07,73584,5700,7.75,"COVID19VaccDosesDelivered","2021-02-21_18-00-00"
"JU",2021-02-08,73584,5700,7.75,"COVID19VaccDosesDelivered","2021-02-21_18-00-00"
"JU",2021-02-09,73584,5700,7.75,"COVID19VaccDosesDelivered","2021-02-21_18-00-00"
"JU",2021-02-10,73584,6700,9.11,"COVID19VaccDosesDelivered","2021-02-21_18-00-00"
"JU",2021-02-11,73584,6700,9.11,"COVID19VaccDosesDelivered","2021-02-21_18-00-00"
"JU",2021-02-12,73584,6700,9.11,"COVID19VaccDosesDelivered","2021-02-21_18-00-00"
"JU",2021-02-13,73584,6700,9.11,"COVID19VaccDosesDelivered","2021-02-21_18-00-00"
"JU",2021-02-14,73584,6700,9.11,"COVID19VaccDosesDelivered","2021-02-21_18-00-00"
"JU",2021-02-15,73584,6700,9.11,"COVID19VaccDosesDelivered","2021-02-21_18-00-00"
"JU",2021-02-16,73584,6700,9.11,"COVID19VaccDosesDelivered","2021-02-21_18-00-00"
"JU",2021-02-17,73584,6700,9.11,"COVID19VaccDosesDelivered","2021-02-21_18-00-00"
"JU",2021-02-18,73584,6700,9.11,"COVID19VaccDosesDelivered","2021-02-21_18-00-00"
"JU",2021-02-19,73584,6700,9.11,"COVID19VaccDosesDelivered","2021-02-21_18-00-00"
"JU",2021-02-20,73584,6700,9.11,"COVID19VaccDosesDelivered","2021-02-21_18-00-00"
"JU",2021-02-21,73584,6700,9.11,"COVID19VaccDosesDelivered","2021-02-21_18-00-00"
"LU",2021-01-24,413120,23925,5.79,"COVID19VaccDosesDelivered","2021-02-21_18-00-00"
"LU",2021-01-25,413120,23925,5.79,"COVID19VaccDosesDelivered","2021-02-21_18-00-00"
"LU",2021-01-26,413120,23925,5.79,"COVID19VaccDosesDelivered","2021-02-21_18-00-00"
"LU",2021-01-27,413120,23925,5.79,"COVID19VaccDosesDelivered","2021-02-21_18-00-00"
"LU",2021-01-28,413120,23925,5.79,"COVID19VaccDosesDelivered","2021-02-21_18-00-00"
"LU",2021-01-29,413120,23925,5.79,"COVID19VaccDosesDelivered","2021-02-21_18-00-00"
"LU",2021-01-30,413120,23925,5.79,"COVID19VaccDosesDelivered","2021-02-21_18-00-00"
"LU",2021-01-31,413120,25875,6.26,"COVID19VaccDosesDelivered","2021-02-21_18-00-00"
"LU",2021-02-01,413120,25875,6.26,"COVID19VaccDosesDelivered","2021-02-21_18-00-00"
"LU",2021-02-02,413120,25875,6.26,"COVID19VaccDosesDelivered","2021-02-21_18-00-00"
"LU",2021-02-03,413120,23925,5.79,"COVID19VaccDosesDelivered","2021-02-21_18-00-00"
"LU",2021-02-04,413120,23925,5.79,"COVID19VaccDosesDelivered","2021-02-21_18-00-00"
"LU",2021-02-05,413120,23925,5.79,"COVID19VaccDosesDelivered","2021-02-21_18-00-00"
"LU",2021-02-06,413120,23925,5.79,"COVID19VaccDosesDelivered","2021-02-21_18-00-00"
"LU",2021-02-07,413120,23925,5.79,"COVID19VaccDosesDelivered","2021-02-21_18-00-00"
"LU",2021-02-08,413120,23925,5.79,"COVID19VaccDosesDelivered","2021-02-21_18-00-00"
"LU",2021-02-09,413120,23925,5.79,"COVID19VaccDosesDelivered","2021-02-21_18-00-00"
"LU",2021-02-10,413120,35125,8.5,"COVID19VaccDosesDelivered","2021-02-21_18-00-00"
"LU",2021-02-11,413120,35125,8.5,"COVID19VaccDosesDelivered","2021-02-21_18-00-00"
"LU",2021-02-12,413120,35125,8.5,"COVID19VaccDosesDelivered","2021-02-21_18-00-00"
"LU",2021-02-13,413120,35125,8.5,"COVID19VaccDosesDelivered","2021-02-21_18-00-00"
"LU",2021-02-14,413120,35125,8.5,"COVID19VaccDosesDelivered","2021-02-21_18-00-00"
"LU",2021-02-15,413120,35125,8.5,"COVID19VaccDosesDelivered","2021-02-21_18-00-00"
"LU",2021-02-16,413120,35125,8.5,"COVID19VaccDosesDelivered","2021-02-21_18-00-00"
"LU",2021-02-17,413120,38050,9.21,"COVID19VaccDosesDelivered","2021-02-21_18-00-00"
"LU",2021-02-18,413120,38050,9.21,"COVID19VaccDosesDelivered","2021-02-21_18-00-00"
"LU",2021-02-19,413120,38050,9.21,"COVID19VaccDosesDelivered","2021-02-21_18-00-00"
"LU",2021-02-20,413120,38050,9.21,"COVID19VaccDosesDelivered","2021-02-21_18-00-00"
"LU",2021-02-21,413120,38050,9.21,"COVID19VaccDosesDelivered","2021-02-21_18-00-00"
"NE",2021-01-24,176496,12000,6.8,"COVID19VaccDosesDelivered","2021-02-21_18-00-00"
"NE",2021-01-25,176496,12000,6.8,"COVID19VaccDosesDelivered","2021-02-21_18-00-00"
"NE",2021-01-26,176496,12000,6.8,"COVID19VaccDosesDelivered","2021-02-21_18-00-00"
"NE",2021-01-27,176496,12975,7.35,"COVID19VaccDosesDelivered","2021-02-21_18-00-00"
"NE",2021-01-28,176496,12975,7.35,"COVID19VaccDosesDelivered","2021-02-21_18-00-00"
"NE",2021-01-29,176496,12975,7.35,"COVID19VaccDosesDelivered","2021-02-21_18-00-00"
"NE",2021-01-30,176496,12975,7.35,"COVID19VaccDosesDelivered","2021-02-21_18-00-00"
"NE",2021-01-31,176496,12975,7.35,"COVID19VaccDosesDelivered","2021-02-21_18-00-00"
"NE",2021-02-01,176496,12975,7.35,"COVID19VaccDosesDelivered","2021-02-21_18-00-00"
"NE",2021-02-02,176496,12975,7.35,"COVID19VaccDosesDelivered","2021-02-21_18-00-00"
"NE",2021-02-03,176496,12975,7.35,"COVID19VaccDosesDelivered","2021-02-21_18-00-00"
"NE",2021-02-04,176496,12975,7.35,"COVID19VaccDosesDelivered","2021-02-21_18-00-00"
"NE",2021-02-05,176496,12975,7.35,"COVID19VaccDosesDelivered","2021-02-21_18-00-00"
"NE",2021-02-06,176496,12975,7.35,"COVID19VaccDosesDelivered","2021-02-21_18-00-00"
"NE",2021-02-07,176496,12975,7.35,"COVID19VaccDosesDelivered","2021-02-21_18-00-00"
"NE",2021-02-08,176496,12975,7.35,"COVID19VaccDosesDelivered","2021-02-21_18-00-00"
"NE",2021-02-09,176496,12975,7.35,"COVID19VaccDosesDelivered","2021-02-21_18-00-00"
"NE",2021-02-10,176496,18075,10.24,"COVID19VaccDosesDelivered","2021-02-21_18-00-00"
"NE",2021-02-11,176496,18075,10.24,"COVID19VaccDosesDelivered","2021-02-21_18-00-00"
"NE",2021-02-12,176496,18075,10.24,"COVID19VaccDosesDelivered","2021-02-21_18-00-00"
"NE",2021-02-13,176496,18075,10.24,"COVID19VaccDosesDelivered","2021-02-21_18-00-00"
"NE",2021-02-14,176496,18075,10.24,"COVID19VaccDosesDelivered","2021-02-21_18-00-00"
"NE",2021-02-15,176496,18075,10.24,"COVID19VaccDosesDelivered","2021-02-21_18-00-00"
"NE",2021-02-16,176496,18075,10.24,"COVID19VaccDosesDelivered","2021-02-21_18-00-00"
"NE",2021-02-17,176496,19050,10.79,"COVID19VaccDosesDelivered","2021-02-21_18-00-00"
"NE",2021-02-18,176496,19050,10.79,"COVID19VaccDosesDelivered","2021-02-21_18-00-00"
"NE",2021-02-19,176496,19050,10.79,"COVID19VaccDosesDelivered","2021-02-21_18-00-00"
"NE",2021-02-20,176496,19050,10.79,"COVID19VaccDosesDelivered","2021-02-21_18-00-00"
"NE",2021-02-21,176496,19050,10.79,"COVID19VaccDosesDelivered","2021-02-21_18-00-00"
"NW",2021-01-24,43087,3925,9.11,"COVID19VaccDosesDelivered","2021-02-21_18-00-00"
"NW",2021-01-25,43087,3925,9.11,"COVID19VaccDosesDelivered","2021-02-21_18-00-00"
"NW",2021-01-26,43087,3925,9.11,"COVID19VaccDosesDelivered","2021-02-21_18-00-00"
"NW",2021-01-27,43087,3925,9.11,"COVID19VaccDosesDelivered","2021-02-21_18-00-00"
"NW",2021-01-28,43087,3925,9.11,"COVID19VaccDosesDelivered","2021-02-21_18-00-00"
"NW",2021-01-29,43087,3925,9.11,"COVID19VaccDosesDelivered","2021-02-21_18-00-00"
"NW",2021-01-30,43087,3925,9.11,"COVID19VaccDosesDelivered","2021-02-21_18-00-00"
"NW",2021-01-31,43087,3925,9.11,"COVID19VaccDosesDelivered","2021-02-21_18-00-00"
"NW",2021-02-01,43087,3925,9.11,"COVID19VaccDosesDelivered","2021-02-21_18-00-00"
"NW",2021-02-02,43087,3925,9.11,"COVID19VaccDosesDelivered","2021-02-21_18-00-00"
"NW",2021-02-03,43087,4715,10.94,"COVID19VaccDosesDelivered","2021-02-21_18-00-00"
"NW",2021-02-04,43087,4715,10.94,"COVID19VaccDosesDelivered","2021-02-21_18-00-00"
"NW",2021-02-05,43087,4715,10.94,"COVID19VaccDosesDelivered","2021-02-21_18-00-00"
"NW",2021-02-06,43087,4715,10.94,"COVID19VaccDosesDelivered","2021-02-21_18-00-00"
"NW",2021-02-07,43087,6015,13.96,"COVID19VaccDosesDelivered","2021-02-21_18-00-00"
"NW",2021-02-08,43087,6015,13.96,"COVID19VaccDosesDelivered","2021-02-21_18-00-00"
"NW",2021-02-09,43087,6015,13.96,"COVID19VaccDosesDelivered","2021-02-21_18-00-00"
"NW",2021-02-10,43087,6015,13.96,"COVID19VaccDosesDelivered","2021-02-21_18-00-00"
"NW",2021-02-11,43087,6015,13.96,"COVID19VaccDosesDelivered","2021-02-21_18-00-00"
"NW",2021-02-12,43087,6015,13.96,"COVID19VaccDosesDelivered","2021-02-21_18-00-00"
"NW",2021-02-13,43087,6015,13.96,"COVID19VaccDosesDelivered","2021-02-21_18-00-00"
"NW",2021-02-14,43087,6015,13.96,"COVID19VaccDosesDelivered","2021-02-21_18-00-00"
"NW",2021-02-15,43087,6015,13.96,"COVID19VaccDosesDelivered","2021-02-21_18-00-00"
"NW",2021-02-16,43087,6015,13.96,"COVID19VaccDosesDelivered","2021-02-21_18-00-00"
"NW",2021-02-17,43087,6015,13.96,"COVID19VaccDosesDelivered","2021-02-21_18-00-00"
"NW",2021-02-18,43087,6015,13.96,"COVID19VaccDosesDelivered","2021-02-21_18-00-00"
"NW",2021-02-19,43087,6015,13.96,"COVID19VaccDosesDelivered","2021-02-21_18-00-00"
"NW",2021-02-20,43087,6015,13.96,"COVID19VaccDosesDelivered","2021-02-21_18-00-00"
"NW",2021-02-21,43087,6015,13.96,"COVID19VaccDosesDelivered","2021-02-21_18-00-00"
"OW",2021-01-24,37930,2850,7.51,"COVID19VaccDosesDelivered","2021-02-21_18-00-00"
"OW",2021-01-25,37930,2850,7.51,"COVID19VaccDosesDelivered","2021-02-21_18-00-00"
"OW",2021-01-26,37930,2850,7.51,"COVID19VaccDosesDelivered","2021-02-21_18-00-00"
"OW",2021-01-27,37930,2850,7.51,"COVID19VaccDosesDelivered","2021-02-21_18-00-00"
"OW",2021-01-28,37930,2850,7.51,"COVID19VaccDosesDelivered","2021-02-21_18-00-00"
"OW",2021-01-29,37930,2850,7.51,"COVID19VaccDosesDelivered","2021-02-21_18-00-00"
"OW",2021-01-30,37930,2850,7.51,"COVID19VaccDosesDelivered","2021-02-21_18-00-00"
"OW",2021-01-31,37930,2850,7.51,"COVID19VaccDosesDelivered","2021-02-21_18-00-00"
"OW",2021-02-01,37930,2850,7.51,"COVID19VaccDosesDelivered","2021-02-21_18-00-00"
"OW",2021-02-02,37930,2850,7.51,"COVID19VaccDosesDelivered","2021-02-21_18-00-00"
"OW",2021-02-03,37930,3035,8,"COVID19VaccDosesDelivered","2021-02-21_18-00-00"
"OW",2021-02-04,37930,3035,8,"COVID19VaccDosesDelivered","2021-02-21_18-00-00"
"OW",2021-02-05,37930,3035,8,"COVID19VaccDosesDelivered","2021-02-21_18-00-00"
"OW",2021-02-06,37930,3035,8,"COVID19VaccDosesDelivered","2021-02-21_18-00-00"
"OW",2021-02-07,37930,4135,10.9,"COVID19VaccDosesDelivered","2021-02-21_18-00-00"
"OW",2021-02-08,37930,4135,10.9,"COVID19VaccDosesDelivered","2021-02-21_18-00-00"
"OW",2021-02-09,37930,4135,10.9,"COVID19VaccDosesDelivered","2021-02-21_18-00-00"
"OW",2021-02-10,37930,4135,10.9,"COVID19VaccDosesDelivered","2021-02-21_18-00-00"
"OW",2021-02-11,37930,4135,10.9,"COVID19VaccDosesDelivered","2021-02-21_18-00-00"
"OW",2021-02-12,37930,4135,10.9,"COVID19VaccDosesDelivered","2021-02-21_18-00-00"
"OW",2021-02-13,37930,4135,10.9,"COVID19VaccDosesDelivered","2021-02-21_18-00-00"
"OW",2021-02-14,37930,4135,10.9,"COVID19VaccDosesDelivered","2021-02-21_18-00-00"
"OW",2021-02-15,37930,4135,10.9,"COVID19VaccDosesDelivered","2021-02-21_18-00-00"
"OW",2021-02-16,37930,4135,10.9,"COVID19VaccDosesDelivered","2021-02-21_18-00-00"
"OW",2021-02-17,37930,4135,10.9,"COVID19VaccDosesDelivered","2021-02-21_18-00-00"
"OW",2021-02-18,37930,4135,10.9,"COVID19VaccDosesDelivered","2021-02-21_18-00-00"
"OW",2021-02-19,37930,4135,10.9,"COVID19VaccDosesDelivered","2021-02-21_18-00-00"
"OW",2021-02-20,37930,4135,10.9,"COVID19VaccDosesDelivered","2021-02-21_18-00-00"
"OW",2021-02-21,37930,4135,10.9,"COVID19VaccDosesDelivered","2021-02-21_18-00-00"
"SG",2021-01-24,510734,27300,5.35,"COVID19VaccDosesDelivered","2021-02-21_18-00-00"
"SG",2021-01-25,510734,27300,5.35,"COVID19VaccDosesDelivered","2021-02-21_18-00-00"
"SG",2021-01-26,510734,27300,5.35,"COVID19VaccDosesDelivered","2021-02-21_18-00-00"
"SG",2021-01-27,510734,29250,5.73,"COVID19VaccDosesDelivered","2021-02-21_18-00-00"
"SG",2021-01-28,510734,29250,5.73,"COVID19VaccDosesDelivered","2021-02-21_18-00-00"
"SG",2021-01-29,510734,29250,5.73,"COVID19VaccDosesDelivered","2021-02-21_18-00-00"
"SG",2021-01-30,510734,29250,5.73,"COVID19VaccDosesDelivered","2021-02-21_18-00-00"
"SG",2021-01-31,510734,29250,5.73,"COVID19VaccDosesDelivered","2021-02-21_18-00-00"
"SG",2021-02-01,510734,29250,5.73,"COVID19VaccDosesDelivered","2021-02-21_18-00-00"
"SG",2021-02-02,510734,29250,5.73,"COVID19VaccDosesDelivered","2021-02-21_18-00-00"
"SG",2021-02-03,510734,31200,6.11,"COVID19VaccDosesDelivered","2021-02-21_18-00-00"
"SG",2021-02-04,510734,31200,6.11,"COVID19VaccDosesDelivered","2021-02-21_18-00-00"
"SG",2021-02-05,510734,31200,6.11,"COVID19VaccDosesDelivered","2021-02-21_18-00-00"
"SG",2021-02-06,510734,31200,6.11,"COVID19VaccDosesDelivered","2021-02-21_18-00-00"
"SG",2021-02-07,510734,45300,8.87,"COVID19VaccDosesDelivered","2021-02-21_18-00-00"
"SG",2021-02-08,510734,45300,8.87,"COVID19VaccDosesDelivered","2021-02-21_18-00-00"
"SG",2021-02-09,510734,45300,8.87,"COVID19VaccDosesDelivered","2021-02-21_18-00-00"
"SG",2021-02-10,510734,46275,9.06,"COVID19VaccDosesDelivered","2021-02-21_18-00-00"
"SG",2021-02-11,510734,46275,9.06,"COVID19VaccDosesDelivered","2021-02-21_18-00-00"
"SG",2021-02-12,510734,46275,9.06,"COVID19VaccDosesDelivered","2021-02-21_18-00-00"
"SG",2021-02-13,510734,46275,9.06,"COVID19VaccDosesDelivered","2021-02-21_18-00-00"
"SG",2021-02-14,510734,46275,9.06,"COVID19VaccDosesDelivered","2021-02-21_18-00-00"
"SG",2021-02-15,510734,46275,9.06,"COVID19VaccDosesDelivered","2021-02-21_18-00-00"
"SG",2021-02-16,510734,46275,9.06,"COVID19VaccDosesDelivered","2021-02-21_18-00-00"
"SG",2021-02-17,510734,51150,10.01,"COVID19VaccDosesDelivered","2021-02-21_18-00-00"
"SG",2021-02-18,510734,51150,10.01,"COVID19VaccDosesDelivered","2021-02-21_18-00-00"
"SG",2021-02-19,510734,51150,10.01,"COVID19VaccDosesDelivered","2021-02-21_18-00-00"
"SG",2021-02-20,510734,51150,10.01,"COVID19VaccDosesDelivered","2021-02-21_18-00-00"
"SG",2021-02-21,510734,51150,10.01,"COVID19VaccDosesDelivered","2021-02-21_18-00-00"
"SH",2021-01-24,82348,6000,7.29,"COVID19VaccDosesDelivered","2021-02-21_18-00-00"
"SH",2021-01-25,82348,6000,7.29,"COVID19VaccDosesDelivered","2021-02-21_18-00-00"
"SH",2021-01-26,82348,6000,7.29,"COVID19VaccDosesDelivered","2021-02-21_18-00-00"
"SH",2021-01-27,82348,6000,7.29,"COVID19VaccDosesDelivered","2021-02-21_18-00-00"
"SH",2021-01-28,82348,6000,7.29,"COVID19VaccDosesDelivered","2021-02-21_18-00-00"
"SH",2021-01-29,82348,6000,7.29,"COVID19VaccDosesDelivered","2021-02-21_18-00-00"
"SH",2021-01-30,82348,6000,7.29,"COVID19VaccDosesDelivered","2021-02-21_18-00-00"
"SH",2021-01-31,82348,6000,7.29,"COVID19VaccDosesDelivered","2021-02-21_18-00-00"
"SH",2021-02-01,82348,6000,7.29,"COVID19VaccDosesDelivered","2021-02-21_18-00-00"
"SH",2021-02-02,82348,6000,7.29,"COVID19VaccDosesDelivered","2021-02-21_18-00-00"
"SH",2021-02-03,82348,6975,8.47,"COVID19VaccDosesDelivered","2021-02-21_18-00-00"
"SH",2021-02-04,82348,6975,8.47,"COVID19VaccDosesDelivered","2021-02-21_18-00-00"
"SH",2021-02-05,82348,6975,8.47,"COVID19VaccDosesDelivered","2021-02-21_18-00-00"
"SH",2021-02-06,82348,6975,8.47,"COVID19VaccDosesDelivered","2021-02-21_18-00-00"
"SH",2021-02-07,82348,8475,10.29,"COVID19VaccDosesDelivered","2021-02-21_18-00-00"
"SH",2021-02-08,82348,8475,10.29,"COVID19VaccDosesDelivered","2021-02-21_18-00-00"
"SH",2021-02-09,82348,8475,10.29,"COVID19VaccDosesDelivered","2021-02-21_18-00-00"
"SH",2021-02-10,82348,8475,10.29,"COVID19VaccDosesDelivered","2021-02-21_18-00-00"
"SH",2021-02-11,82348,8475,10.29,"COVID19VaccDosesDelivered","2021-02-21_18-00-00"
"SH",2021-02-12,82348,8475,10.29,"COVID19VaccDosesDelivered","2021-02-21_18-00-00"
"SH",2021-02-13,82348,8475,10.29,"COVID19VaccDosesDelivered","2021-02-21_18-00-00"
"SH",2021-02-14,82348,8475,10.29,"COVID19VaccDosesDelivered","2021-02-21_18-00-00"
"SH",2021-02-15,82348,8475,10.29,"COVID19VaccDosesDelivered","2021-02-21_18-00-00"
"SH",2021-02-16,82348,8475,10.29,"COVID19VaccDosesDelivered","2021-02-21_18-00-00"
"SH",2021-02-17,82348,9450,11.48,"COVID19VaccDosesDelivered","2021-02-21_18-00-00"
"SH",2021-02-18,82348,9450,11.48,"COVID19VaccDosesDelivered","2021-02-21_18-00-00"
"SH",2021-02-19,82348,9450,11.48,"COVID19VaccDosesDelivered","2021-02-21_18-00-00"
"SH",2021-02-20,82348,9450,11.48,"COVID19VaccDosesDelivered","2021-02-21_18-00-00"
"SH",2021-02-21,82348,9450,11.48,"COVID19VaccDosesDelivered","2021-02-21_18-00-00"
"SO",2021-01-24,275247,16350,5.94,"COVID19VaccDosesDelivered","2021-02-21_18-00-00"
"SO",2021-01-25,275247,16350,5.94,"COVID19VaccDosesDelivered","2021-02-21_18-00-00"
"SO",2021-01-26,275247,16350,5.94,"COVID19VaccDosesDelivered","2021-02-21_18-00-00"
"SO",2021-01-27,275247,17325,6.29,"COVID19VaccDosesDelivered","2021-02-21_18-00-00"
"SO",2021-01-28,275247,17325,6.29,"COVID19VaccDosesDelivered","2021-02-21_18-00-00"
"SO",2021-01-29,275247,17325,6.29,"COVID19VaccDosesDelivered","2021-02-21_18-00-00"
"SO",2021-01-30,275247,17325,6.29,"COVID19VaccDosesDelivered","2021-02-21_18-00-00"
"SO",2021-01-31,275247,17325,6.29,"COVID19VaccDosesDelivered","2021-02-21_18-00-00"
"SO",2021-02-01,275247,17325,6.29,"COVID19VaccDosesDelivered","2021-02-21_18-00-00"
"SO",2021-02-02,275247,17325,6.29,"COVID19VaccDosesDelivered","2021-02-21_18-00-00"
"SO",2021-02-03,275247,19275,7,"COVID19VaccDosesDelivered","2021-02-21_18-00-00"
"SO",2021-02-04,275247,19275,7,"COVID19VaccDosesDelivered","2021-02-21_18-00-00"
"SO",2021-02-05,275247,19275,7,"COVID19VaccDosesDelivered","2021-02-21_18-00-00"
"SO",2021-02-06,275247,19275,7,"COVID19VaccDosesDelivered","2021-02-21_18-00-00"
"SO",2021-02-07,275247,25875,9.4,"COVID19VaccDosesDelivered","2021-02-21_18-00-00"
"SO",2021-02-08,275247,25875,9.4,"COVID19VaccDosesDelivered","2021-02-21_18-00-00"
"SO",2021-02-09,275247,25875,9.4,"COVID19VaccDosesDelivered","2021-02-21_18-00-00"
"SO",2021-02-10,275247,26850,9.75,"COVID19VaccDosesDelivered","2021-02-21_18-00-00"
"SO",2021-02-11,275247,26850,9.75,"COVID19VaccDosesDelivered","2021-02-21_18-00-00"
"SO",2021-02-12,275247,26850,9.75,"COVID19VaccDosesDelivered","2021-02-21_18-00-00"
"SO",2021-02-13,275247,26850,9.75,"COVID19VaccDosesDelivered","2021-02-21_18-00-00"
"SO",2021-02-14,275247,26850,9.75,"COVID19VaccDosesDelivered","2021-02-21_18-00-00"
"SO",2021-02-15,275247,26850,9.75,"COVID19VaccDosesDelivered","2021-02-21_18-00-00"
"SO",2021-02-16,275247,26850,9.75,"COVID19VaccDosesDelivered","2021-02-21_18-00-00"
"SO",2021-02-17,275247,28800,10.46,"COVID19VaccDosesDelivered","2021-02-21_18-00-00"
"SO",2021-02-18,275247,28800,10.46,"COVID19VaccDosesDelivered","2021-02-21_18-00-00"
"SO",2021-02-19,275247,28800,10.46,"COVID19VaccDosesDelivered","2021-02-21_18-00-00"
"SO",2021-02-20,275247,28800,10.46,"COVID19VaccDosesDelivered","2021-02-21_18-00-00"
"SO",2021-02-21,275247,28800,10.46,"COVID19VaccDosesDelivered","2021-02-21_18-00-00"
"SZ",2021-01-24,160480,9450,5.89,"COVID19VaccDosesDelivered","2021-02-21_18-00-00"
"SZ",2021-01-25,160480,9450,5.89,"COVID19VaccDosesDelivered","2021-02-21_18-00-00"
"SZ",2021-01-26,160480,9450,5.89,"COVID19VaccDosesDelivered","2021-02-21_18-00-00"
"SZ",2021-01-27,160480,10425,6.5,"COVID19VaccDosesDelivered","2021-02-21_18-00-00"
"SZ",2021-01-28,160480,10425,6.5,"COVID19VaccDosesDelivered","2021-02-21_18-00-00"
"SZ",2021-01-29,160480,10425,6.5,"COVID19VaccDosesDelivered","2021-02-21_18-00-00"
"SZ",2021-01-30,160480,10425,6.5,"COVID19VaccDosesDelivered","2021-02-21_18-00-00"
"SZ",2021-01-31,160480,10425,6.5,"COVID19VaccDosesDelivered","2021-02-21_18-00-00"
"SZ",2021-02-01,160480,10425,6.5,"COVID19VaccDosesDelivered","2021-02-21_18-00-00"
"SZ",2021-02-02,160480,10425,6.5,"COVID19VaccDosesDelivered","2021-02-21_18-00-00"
"SZ",2021-02-03,160480,10425,6.5,"COVID19VaccDosesDelivered","2021-02-21_18-00-00"
"SZ",2021-02-04,160480,10425,6.5,"COVID19VaccDosesDelivered","2021-02-21_18-00-00"
"SZ",2021-02-05,160480,10425,6.5,"COVID19VaccDosesDelivered","2021-02-21_18-00-00"
"SZ",2021-02-06,160480,10425,6.5,"COVID19VaccDosesDelivered","2021-02-21_18-00-00"
"SZ",2021-02-07,160480,14825,9.24,"COVID19VaccDosesDelivered","2021-02-21_18-00-00"
"SZ",2021-02-08,160480,14825,9.24,"COVID19VaccDosesDelivered","2021-02-21_18-00-00"
"SZ",2021-02-09,160480,14825,9.24,"COVID19VaccDosesDelivered","2021-02-21_18-00-00"
"SZ",2021-02-10,160480,15800,9.85,"COVID19VaccDosesDelivered","2021-02-21_18-00-00"
"SZ",2021-02-11,160480,15800,9.85,"COVID19VaccDosesDelivered","2021-02-21_18-00-00"
"SZ",2021-02-12,160480,15800,9.85,"COVID19VaccDosesDelivered","2021-02-21_18-00-00"
"SZ",2021-02-13,160480,15800,9.85,"COVID19VaccDosesDelivered","2021-02-21_18-00-00"
"SZ",2021-02-14,160480,15800,9.85,"COVID19VaccDosesDelivered","2021-02-21_18-00-00"
"SZ",2021-02-15,160480,15800,9.85,"COVID19VaccDosesDelivered","2021-02-21_18-00-00"
"SZ",2021-02-16,160480,15800,9.85,"COVID19VaccDosesDelivered","2021-02-21_18-00-00"
"SZ",2021-02-17,160480,15800,9.85,"COVID19VaccDosesDelivered","2021-02-21_18-00-00"
"SZ",2021-02-18,160480,15800,9.85,"COVID19VaccDosesDelivered","2021-02-21_18-00-00"
"SZ",2021-02-19,160480,15800,9.85,"COVID19VaccDosesDelivered","2021-02-21_18-00-00"
"SZ",2021-02-20,160480,15800,9.85,"COVID19VaccDosesDelivered","2021-02-21_18-00-00"
"SZ",2021-02-21,160480,15800,9.85,"COVID19VaccDosesDelivered","2021-02-21_18-00-00"
"TG",2021-01-24,279547,15075,5.39,"COVID19VaccDosesDelivered","2021-02-21_18-00-00"
"TG",2021-01-25,279547,15075,5.39,"COVID19VaccDosesDelivered","2021-02-21_18-00-00"
"TG",2021-01-26,279547,15075,5.39,"COVID19VaccDosesDelivered","2021-02-21_18-00-00"
"TG",2021-01-27,279547,16050,5.74,"COVID19VaccDosesDelivered","2021-02-21_18-00-00"
"TG",2021-01-28,279547,16050,5.74,"COVID19VaccDosesDelivered","2021-02-21_18-00-00"
"TG",2021-01-29,279547,16050,5.74,"COVID19VaccDosesDelivered","2021-02-21_18-00-00"
"TG",2021-01-30,279547,16050,5.74,"COVID19VaccDosesDelivered","2021-02-21_18-00-00"
"TG",2021-01-31,279547,16050,5.74,"COVID19VaccDosesDelivered","2021-02-21_18-00-00"
"TG",2021-02-01,279547,16050,5.74,"COVID19VaccDosesDelivered","2021-02-21_18-00-00"
"TG",2021-02-02,279547,16050,5.74,"COVID19VaccDosesDelivered","2021-02-21_18-00-00"
"TG",2021-02-03,279547,17025,6.09,"COVID19VaccDosesDelivered","2021-02-21_18-00-00"
"TG",2021-02-04,279547,17025,6.09,"COVID19VaccDosesDelivered","2021-02-21_18-00-00"
"TG",2021-02-05,279547,17025,6.09,"COVID19VaccDosesDelivered","2021-02-21_18-00-00"
"TG",2021-02-06,279547,17025,6.09,"COVID19VaccDosesDelivered","2021-02-21_18-00-00"
"TG",2021-02-07,279547,24525,8.77,"COVID19VaccDosesDelivered","2021-02-21_18-00-00"
"TG",2021-02-08,279547,24525,8.77,"COVID19VaccDosesDelivered","2021-02-21_18-00-00"
"TG",2021-02-09,279547,24525,8.77,"COVID19VaccDosesDelivered","2021-02-21_18-00-00"
"TG",2021-02-10,279547,24525,8.77,"COVID19VaccDosesDelivered","2021-02-21_18-00-00"
"TG",2021-02-11,279547,24525,8.77,"COVID19VaccDosesDelivered","2021-02-21_18-00-00"
"TG",2021-02-12,279547,24525,8.77,"COVID19VaccDosesDelivered","2021-02-21_18-00-00"
"TG",2021-02-13,279547,24525,8.77,"COVID19VaccDosesDelivered","2021-02-21_18-00-00"
"TG",2021-02-14,279547,24525,8.77,"COVID19VaccDosesDelivered","2021-02-21_18-00-00"
"TG",2021-02-15,279547,24525,8.77,"COVID19VaccDosesDelivered","2021-02-21_18-00-00"
"TG",2021-02-16,279547,24525,8.77,"COVID19VaccDosesDelivered","2021-02-21_18-00-00"
"TG",2021-02-17,279547,27450,9.82,"COVID19VaccDosesDelivered","2021-02-21_18-00-00"
"TG",2021-02-18,279547,27450,9.82,"COVID19VaccDosesDelivered","2021-02-21_18-00-00"
"TG",2021-02-19,279547,27450,9.82,"COVID19VaccDosesDelivered","2021-02-21_18-00-00"
"TG",2021-02-20,279547,27450,9.82,"COVID19VaccDosesDelivered","2021-02-21_18-00-00"
"TG",2021-02-21,279547,27450,9.82,"COVID19VaccDosesDelivered","2021-02-21_18-00-00"
"TI",2021-01-24,351491,24025,6.84,"COVID19VaccDosesDelivered","2021-02-21_18-00-00"
"TI",2021-01-25,351491,24025,6.84,"COVID19VaccDosesDelivered","2021-02-21_18-00-00"
"TI",2021-01-26,351491,24025,6.84,"COVID19VaccDosesDelivered","2021-02-21_18-00-00"
"TI",2021-01-27,351491,25975,7.39,"COVID19VaccDosesDelivered","2021-02-21_18-00-00"
"TI",2021-01-28,351491,25975,7.39,"COVID19VaccDosesDelivered","2021-02-21_18-00-00"
"TI",2021-01-29,351491,25975,7.39,"COVID19VaccDosesDelivered","2021-02-21_18-00-00"
"TI",2021-01-30,351491,25975,7.39,"COVID19VaccDosesDelivered","2021-02-21_18-00-00"
"TI",2021-01-31,351491,25975,7.39,"COVID19VaccDosesDelivered","2021-02-21_18-00-00"
"TI",2021-02-01,351491,25975,7.39,"COVID19VaccDosesDelivered","2021-02-21_18-00-00"
"TI",2021-02-02,351491,25975,7.39,"COVID19VaccDosesDelivered","2021-02-21_18-00-00"
"TI",2021-02-03,351491,26950,7.67,"COVID19VaccDosesDelivered","2021-02-21_18-00-00"
"TI",2021-02-04,351491,26950,7.67,"COVID19VaccDosesDelivered","2021-02-21_18-00-00"
"TI",2021-02-05,351491,26950,7.67,"COVID19VaccDosesDelivered","2021-02-21_18-00-00"
"TI",2021-02-06,351491,26950,7.67,"COVID19VaccDosesDelivered","2021-02-21_18-00-00"
"TI",2021-02-07,351491,37250,10.6,"COVID19VaccDosesDelivered","2021-02-21_18-00-00"
"TI",2021-02-08,351491,37250,10.6,"COVID19VaccDosesDelivered","2021-02-21_18-00-00"
"TI",2021-02-09,351491,37250,10.6,"COVID19VaccDosesDelivered","2021-02-21_18-00-00"
"TI",2021-02-10,351491,39200,11.15,"COVID19VaccDosesDelivered","2021-02-21_18-00-00"
"TI",2021-02-11,351491,39200,11.15,"COVID19VaccDosesDelivered","2021-02-21_18-00-00"
"TI",2021-02-12,351491,39200,11.15,"COVID19VaccDosesDelivered","2021-02-21_18-00-00"
"TI",2021-02-13,351491,39200,11.15,"COVID19VaccDosesDelivered","2021-02-21_18-00-00"
"TI",2021-02-14,351491,39200,11.15,"COVID19VaccDosesDelivered","2021-02-21_18-00-00"
"TI",2021-02-15,351491,39200,11.15,"COVID19VaccDosesDelivered","2021-02-21_18-00-00"
"TI",2021-02-16,351491,39200,11.15,"COVID19VaccDosesDelivered","2021-02-21_18-00-00"
"TI",2021-02-17,351491,42150,11.99,"COVID19VaccDosesDelivered","2021-02-21_18-00-00"
"TI",2021-02-18,351491,42150,11.99,"COVID19VaccDosesDelivered","2021-02-21_18-00-00"
"TI",2021-02-19,351491,42150,11.99,"COVID19VaccDosesDelivered","2021-02-21_18-00-00"
"TI",2021-02-20,351491,42150,11.99,"COVID19VaccDosesDelivered","2021-02-21_18-00-00"
"TI",2021-02-21,351491,42150,11.99,"COVID19VaccDosesDelivered","2021-02-21_18-00-00"
"UR",2021-01-24,36703,3825,10.42,"COVID19VaccDosesDelivered","2021-02-21_18-00-00"
"UR",2021-01-25,36703,3825,10.42,"COVID19VaccDosesDelivered","2021-02-21_18-00-00"
"UR",2021-01-26,36703,3825,10.42,"COVID19VaccDosesDelivered","2021-02-21_18-00-00"
"UR",2021-01-27,36703,3825,10.42,"COVID19VaccDosesDelivered","2021-02-21_18-00-00"
"UR",2021-01-28,36703,3825,10.42,"COVID19VaccDosesDelivered","2021-02-21_18-00-00"
"UR",2021-01-29,36703,3825,10.42,"COVID19VaccDosesDelivered","2021-02-21_18-00-00"
"UR",2021-01-30,36703,3825,10.42,"COVID19VaccDosesDelivered","2021-02-21_18-00-00"
"UR",2021-01-31,36703,3825,10.42,"COVID19VaccDosesDelivered","2021-02-21_18-00-00"
"UR",2021-02-01,36703,3825,10.42,"COVID19VaccDosesDelivered","2021-02-21_18-00-00"
"UR",2021-02-02,36703,3825,10.42,"COVID19VaccDosesDelivered","2021-02-21_18-00-00"
"UR",2021-02-03,36703,3825,10.42,"COVID19VaccDosesDelivered","2021-02-21_18-00-00"
"UR",2021-02-04,36703,3825,10.42,"COVID19VaccDosesDelivered","2021-02-21_18-00-00"
"UR",2021-02-05,36703,3825,10.42,"COVID19VaccDosesDelivered","2021-02-21_18-00-00"
"UR",2021-02-06,36703,3825,10.42,"COVID19VaccDosesDelivered","2021-02-21_18-00-00"
"UR",2021-02-07,36703,4925,13.42,"COVID19VaccDosesDelivered","2021-02-21_18-00-00"
"UR",2021-02-08,36703,4925,13.42,"COVID19VaccDosesDelivered","2021-02-21_18-00-00"
"UR",2021-02-09,36703,4925,13.42,"COVID19VaccDosesDelivered","2021-02-21_18-00-00"
"UR",2021-02-10,36703,4925,13.42,"COVID19VaccDosesDelivered","2021-02-21_18-00-00"
"UR",2021-02-11,36703,4925,13.42,"COVID19VaccDosesDelivered","2021-02-21_18-00-00"
"UR",2021-02-12,36703,4925,13.42,"COVID19VaccDosesDelivered","2021-02-21_18-00-00"
"UR",2021-02-13,36703,4925,13.42,"COVID19VaccDosesDelivered","2021-02-21_18-00-00"
"UR",2021-02-14,36703,4925,13.42,"COVID19VaccDosesDelivered","2021-02-21_18-00-00"
"UR",2021-02-15,36703,4925,13.42,"COVID19VaccDosesDelivered","2021-02-21_18-00-00"
"UR",2021-02-16,36703,4925,13.42,"COVID19VaccDosesDelivered","2021-02-21_18-00-00"
"UR",2021-02-17,36703,4925,13.42,"COVID19VaccDosesDelivered","2021-02-21_18-00-00"
"UR",2021-02-18,36703,4925,13.42,"COVID19VaccDosesDelivered","2021-02-21_18-00-00"
"UR",2021-02-19,36703,4925,13.42,"COVID19VaccDosesDelivered","2021-02-21_18-00-00"
"UR",2021-02-20,36703,4925,13.42,"COVID19VaccDosesDelivered","2021-02-21_18-00-00"
"UR",2021-02-21,36703,4925,13.42,"COVID19VaccDosesDelivered","2021-02-21_18-00-00"
"VD",2021-01-24,805098,40500,5.03,"COVID19VaccDosesDelivered","2021-02-21_18-00-00"
"VD",2021-01-25,805098,40500,5.03,"COVID19VaccDosesDelivered","2021-02-21_18-00-00"
"VD",2021-01-26,805098,40500,5.03,"COVID19VaccDosesDelivered","2021-02-21_18-00-00"
"VD",2021-01-27,805098,43425,5.39,"COVID19VaccDosesDelivered","2021-02-21_18-00-00"
"VD",2021-01-28,805098,43425,5.39,"COVID19VaccDosesDelivered","2021-02-21_18-00-00"
"VD",2021-01-29,805098,43425,5.39,"COVID19VaccDosesDelivered","2021-02-21_18-00-00"
"VD",2021-01-30,805098,43425,5.39,"COVID19VaccDosesDelivered","2021-02-21_18-00-00"
"VD",2021-01-31,805098,43425,5.39,"COVID19VaccDosesDelivered","2021-02-21_18-00-00"
"VD",2021-02-01,805098,43425,5.39,"COVID19VaccDosesDelivered","2021-02-21_18-00-00"
"VD",2021-02-02,805098,43425,5.39,"COVID19VaccDosesDelivered","2021-02-21_18-00-00"
"VD",2021-02-03,805098,45375,5.64,"COVID19VaccDosesDelivered","2021-02-21_18-00-00"
"VD",2021-02-04,805098,45375,5.64,"COVID19VaccDosesDelivered","2021-02-21_18-00-00"
"VD",2021-02-05,805098,45375,5.64,"COVID19VaccDosesDelivered","2021-02-21_18-00-00"
"VD",2021-02-06,805098,45375,5.64,"COVID19VaccDosesDelivered","2021-02-21_18-00-00"
"VD",2021-02-07,805098,65975,8.19,"COVID19VaccDosesDelivered","2021-02-21_18-00-00"
"VD",2021-02-08,805098,65975,8.19,"COVID19VaccDosesDelivered","2021-02-21_18-00-00"
"VD",2021-02-09,805098,65975,8.19,"COVID19VaccDosesDelivered","2021-02-21_18-00-00"
"VD",2021-02-10,805098,66950,8.32,"COVID19VaccDosesDelivered","2021-02-21_18-00-00"
"VD",2021-02-11,805098,66950,8.32,"COVID19VaccDosesDelivered","2021-02-21_18-00-00"
"VD",2021-02-12,805098,66950,8.32,"COVID19VaccDosesDelivered","2021-02-21_18-00-00"
"VD",2021-02-13,805098,66950,8.32,"COVID19VaccDosesDelivered","2021-02-21_18-00-00"
"VD",2021-02-14,805098,66950,8.32,"COVID19VaccDosesDelivered","2021-02-21_18-00-00"
"VD",2021-02-15,805098,66950,8.32,"COVID19VaccDosesDelivered","2021-02-21_18-00-00"
"VD",2021-02-16,805098,66950,8.32,"COVID19VaccDosesDelivered","2021-02-21_18-00-00"
"VD",2021-02-17,805098,74750,9.28,"COVID19VaccDosesDelivered","2021-02-21_18-00-00"
"VD",2021-02-18,805098,74750,9.28,"COVID19VaccDosesDelivered","2021-02-21_18-00-00"
"VD",2021-02-19,805098,74750,9.28,"COVID19VaccDosesDelivered","2021-02-21_18-00-00"
"VD",2021-02-20,805098,74750,9.28,"COVID19VaccDosesDelivered","2021-02-21_18-00-00"
"VD",2021-02-21,805098,74750,9.28,"COVID19VaccDosesDelivered","2021-02-21_18-00-00"
"VS",2021-01-24,345525,20975,6.07,"COVID19VaccDosesDelivered","2021-02-21_18-00-00"
"VS",2021-01-25,345525,20975,6.07,"COVID19VaccDosesDelivered","2021-02-21_18-00-00"
"VS",2021-01-26,345525,20975,6.07,"COVID19VaccDosesDelivered","2021-02-21_18-00-00"
"VS",2021-01-27,345525,20975,6.07,"COVID19VaccDosesDelivered","2021-02-21_18-00-00"
"VS",2021-01-28,345525,20975,6.07,"COVID19VaccDosesDelivered","2021-02-21_18-00-00"
"VS",2021-01-29,345525,20975,6.07,"COVID19VaccDosesDelivered","2021-02-21_18-00-00"
"VS",2021-01-30,345525,20975,6.07,"COVID19VaccDosesDelivered","2021-02-21_18-00-00"
"VS",2021-01-31,345525,20975,6.07,"COVID19VaccDosesDelivered","2021-02-21_18-00-00"
"VS",2021-02-01,345525,20975,6.07,"COVID19VaccDosesDelivered","2021-02-21_18-00-00"
"VS",2021-02-02,345525,20975,6.07,"COVID19VaccDosesDelivered","2021-02-21_18-00-00"
"VS",2021-02-03,345525,22925,6.63,"COVID19VaccDosesDelivered","2021-02-21_18-00-00"
"VS",2021-02-04,345525,22925,6.63,"COVID19VaccDosesDelivered","2021-02-21_18-00-00"
"VS",2021-02-05,345525,22925,6.63,"COVID19VaccDosesDelivered","2021-02-21_18-00-00"
"VS",2021-02-06,345525,22925,6.63,"COVID19VaccDosesDelivered","2021-02-21_18-00-00"
"VS",2021-02-07,345525,22925,6.63,"COVID19VaccDosesDelivered","2021-02-21_18-00-00"
"VS",2021-02-08,345525,22925,6.63,"COVID19VaccDosesDelivered","2021-02-21_18-00-00"
"VS",2021-02-09,345525,22925,6.63,"COVID19VaccDosesDelivered","2021-02-21_18-00-00"
"VS",2021-02-10,345525,32925,9.53,"COVID19VaccDosesDelivered","2021-02-21_18-00-00"
"VS",2021-02-11,345525,32925,9.53,"COVID19VaccDosesDelivered","2021-02-21_18-00-00"
"VS",2021-02-12,345525,32925,9.53,"COVID19VaccDosesDelivered","2021-02-21_18-00-00"
"VS",2021-02-13,345525,32925,9.53,"COVID19VaccDosesDelivered","2021-02-21_18-00-00"
"VS",2021-02-14,345525,32925,9.53,"COVID19VaccDosesDelivered","2021-02-21_18-00-00"
"VS",2021-02-15,345525,32925,9.53,"COVID19VaccDosesDelivered","2021-02-21_18-00-00"
"VS",2021-02-16,345525,32925,9.53,"COVID19VaccDosesDelivered","2021-02-21_18-00-00"
"VS",2021-02-17,345525,36825,10.66,"COVID19VaccDosesDelivered","2021-02-21_18-00-00"
"VS",2021-02-18,345525,36825,10.66,"COVID19VaccDosesDelivered","2021-02-21_18-00-00"
"VS",2021-02-19,345525,36825,10.66,"COVID19VaccDosesDelivered","2021-02-21_18-00-00"
"VS",2021-02-20,345525,36825,10.66,"COVID19VaccDosesDelivered","2021-02-21_18-00-00"
"VS",2021-02-21,345525,36825,10.66,"COVID19VaccDosesDelivered","2021-02-21_18-00-00"
"ZG",2021-01-24,127642,7575,5.93,"COVID19VaccDosesDelivered","2021-02-21_18-00-00"
"ZG",2021-01-25,127642,7575,5.93,"COVID19VaccDosesDelivered","2021-02-21_18-00-00"
"ZG",2021-01-26,127642,7575,5.93,"COVID19VaccDosesDelivered","2021-02-21_18-00-00"
"ZG",2021-01-27,127642,7575,5.93,"COVID19VaccDosesDelivered","2021-02-21_18-00-00"
"ZG",2021-01-28,127642,7575,5.93,"COVID19VaccDosesDelivered","2021-02-21_18-00-00"
"ZG",2021-01-29,127642,7575,5.93,"COVID19VaccDosesDelivered","2021-02-21_18-00-00"
"ZG",2021-01-30,127642,7575,5.93,"COVID19VaccDosesDelivered","2021-02-21_18-00-00"
"ZG",2021-01-31,127642,7575,5.93,"COVID19VaccDosesDelivered","2021-02-21_18-00-00"
"ZG",2021-02-01,127642,7575,5.93,"COVID19VaccDosesDelivered","2021-02-21_18-00-00"
"ZG",2021-02-02,127642,7575,5.93,"COVID19VaccDosesDelivered","2021-02-21_18-00-00"
"ZG",2021-02-03,127642,8550,6.7,"COVID19VaccDosesDelivered","2021-02-21_18-00-00"
"ZG",2021-02-04,127642,8550,6.7,"COVID19VaccDosesDelivered","2021-02-21_18-00-00"
"ZG",2021-02-05,127642,8550,6.7,"COVID19VaccDosesDelivered","2021-02-21_18-00-00"
"ZG",2021-02-06,127642,8550,6.7,"COVID19VaccDosesDelivered","2021-02-21_18-00-00"
"ZG",2021-02-07,127642,11850,9.28,"COVID19VaccDosesDelivered","2021-02-21_18-00-00"
"ZG",2021-02-08,127642,11850,9.28,"COVID19VaccDosesDelivered","2021-02-21_18-00-00"
"ZG",2021-02-09,127642,11850,9.28,"COVID19VaccDosesDelivered","2021-02-21_18-00-00"
"ZG",2021-02-10,127642,11850,9.28,"COVID19VaccDosesDelivered","2021-02-21_18-00-00"
"ZG",2021-02-11,127642,11850,9.28,"COVID19VaccDosesDelivered","2021-02-21_18-00-00"
"ZG",2021-02-12,127642,11850,9.28,"COVID19VaccDosesDelivered","2021-02-21_18-00-00"
"ZG",2021-02-13,127642,11850,9.28,"COVID19VaccDosesDelivered","2021-02-21_18-00-00"
"ZG",2021-02-14,127642,11850,9.28,"COVID19VaccDosesDelivered","2021-02-21_18-00-00"
"ZG",2021-02-15,127642,11850,9.28,"COVID19VaccDosesDelivered","2021-02-21_18-00-00"
"ZG",2021-02-16,127642,11850,9.28,"COVID19VaccDosesDelivered","2021-02-21_18-00-00"
"ZG",2021-02-17,127642,13800,10.81,"COVID19VaccDosesDelivered","2021-02-21_18-00-00"
"ZG",2021-02-18,127642,13800,10.81,"COVID19VaccDosesDelivered","2021-02-21_18-00-00"
"ZG",2021-02-19,127642,13800,10.81,"COVID19VaccDosesDelivered","2021-02-21_18-00-00"
"ZG",2021-02-20,127642,13800,10.81,"COVID19VaccDosesDelivered","2021-02-21_18-00-00"
"ZG",2021-02-21,127642,13800,10.81,"COVID19VaccDosesDelivered","2021-02-21_18-00-00"
"ZH",2021-01-24,1539275,77375,5.03,"COVID19VaccDosesDelivered","2021-02-21_18-00-00"
"ZH",2021-01-25,1539275,77375,5.03,"COVID19VaccDosesDelivered","2021-02-21_18-00-00"
"ZH",2021-01-26,1539275,77375,5.03,"COVID19VaccDosesDelivered","2021-02-21_18-00-00"
"ZH",2021-01-27,1539275,77375,5.03,"COVID19VaccDosesDelivered","2021-02-21_18-00-00"
"ZH",2021-01-28,1539275,77375,5.03,"COVID19VaccDosesDelivered","2021-02-21_18-00-00"
"ZH",2021-01-29,1539275,77375,5.03,"COVID19VaccDosesDelivered","2021-02-21_18-00-00"
"ZH",2021-01-30,1539275,77375,5.03,"COVID19VaccDosesDelivered","2021-02-21_18-00-00"
"ZH",2021-01-31,1539275,77375,5.03,"COVID19VaccDosesDelivered","2021-02-21_18-00-00"
"ZH",2021-02-01,1539275,77375,5.03,"COVID19VaccDosesDelivered","2021-02-21_18-00-00"
"ZH",2021-02-02,1539275,77375,5.03,"COVID19VaccDosesDelivered","2021-02-21_18-00-00"
"ZH",2021-02-03,1539275,77375,5.03,"COVID19VaccDosesDelivered","2021-02-21_18-00-00"
"ZH",2021-02-04,1539275,77375,5.03,"COVID19VaccDosesDelivered","2021-02-21_18-00-00"
"ZH",2021-02-05,1539275,77375,5.03,"COVID19VaccDosesDelivered","2021-02-21_18-00-00"
"ZH",2021-02-06,1539275,77375,5.03,"COVID19VaccDosesDelivered","2021-02-21_18-00-00"
"ZH",2021-02-07,1539275,120500,7.83,"COVID19VaccDosesDelivered","2021-02-21_18-00-00"
"ZH",2021-02-08,1539275,120500,7.83,"COVID19VaccDosesDelivered","2021-02-21_18-00-00"
"ZH",2021-02-09,1539275,120500,7.83,"COVID19VaccDosesDelivered","2021-02-21_18-00-00"
"ZH",2021-02-10,1539275,125375,8.15,"COVID19VaccDosesDelivered","2021-02-21_18-00-00"
"ZH",2021-02-11,1539275,125375,8.15,"COVID19VaccDosesDelivered","2021-02-21_18-00-00"
"ZH",2021-02-12,1539275,125375,8.15,"COVID19VaccDosesDelivered","2021-02-21_18-00-00"
"ZH",2021-02-13,1539275,125375,8.15,"COVID19VaccDosesDelivered","2021-02-21_18-00-00"
"ZH",2021-02-14,1539275,125375,8.15,"COVID19VaccDosesDelivered","2021-02-21_18-00-00"
"ZH",2021-02-15,1539275,125375,8.15,"COVID19VaccDosesDelivered","2021-02-21_18-00-00"
"ZH",2021-02-16,1539275,125375,8.15,"COVID19VaccDosesDelivered","2021-02-21_18-00-00"
"ZH",2021-02-17,1539275,125375,8.15,"COVID19VaccDosesDelivered","2021-02-21_18-00-00"
"ZH",2021-02-18,1539275,125375,8.15,"COVID19VaccDosesDelivered","2021-02-21_18-00-00"
"ZH",2021-02-19,1539275,125375,8.15,"COVID19VaccDosesDelivered","2021-02-21_18-00-00"
"ZH",2021-02-20,1539275,125375,8.15,"COVID19VaccDosesDelivered","2021-02-21_18-00-00"
"ZH",2021-02-21,1539275,131225,8.53,"COVID19VaccDosesDelivered","2021-02-21_18-00-00"
"CHFL",2021-02-03,8644780,550025,6.36,"COVID19VaccDosesReceived","2021-02-21_18-00-00"
"CHFL",2021-02-04,8644780,550025,6.36,"COVID19VaccDosesReceived","2021-02-21_18-00-00"
"CHFL",2021-02-05,8644780,550025,6.36,"COVID19VaccDosesReceived","2021-02-21_18-00-00"
"CHFL",2021-02-06,8644780,550025,6.36,"COVID19VaccDosesReceived","2021-02-21_18-00-00"
"CHFL",2021-02-07,8644780,790425,9.14,"COVID19VaccDosesReceived","2021-02-21_18-00-00"
"CHFL",2021-02-08,8644780,790425,9.14,"COVID19VaccDosesReceived","2021-02-21_18-00-00"
"CHFL",2021-02-09,8644780,790425,9.14,"COVID19VaccDosesReceived","2021-02-21_18-00-00"
"CHFL",2021-02-10,8644780,806025,9.32,"COVID19VaccDosesReceived","2021-02-21_18-00-00"
"CHFL",2021-02-11,8644780,806025,9.32,"COVID19VaccDosesReceived","2021-02-21_18-00-00"
"CHFL",2021-02-12,8644780,806025,9.32,"COVID19VaccDosesReceived","2021-02-21_18-00-00"
"CHFL",2021-02-13,8644780,806025,9.32,"COVID19VaccDosesReceived","2021-02-21_18-00-00"
"CHFL",2021-02-14,8644780,806025,9.32,"COVID19VaccDosesReceived","2021-02-21_18-00-00"
"CHFL",2021-02-15,8644780,806025,9.32,"COVID19VaccDosesReceived","2021-02-21_18-00-00"
"CHFL",2021-02-16,8644780,806025,9.32,"COVID19VaccDosesReceived","2021-02-21_18-00-00"
"CHFL",2021-02-17,8644780,884025,10.23,"COVID19VaccDosesReceived","2021-02-21_18-00-00"
"CHFL",2021-02-18,8644780,884025,10.23,"COVID19VaccDosesReceived","2021-02-21_18-00-00"
"CHFL",2021-02-19,8644780,884025,10.23,"COVID19VaccDosesReceived","2021-02-21_18-00-00"
"CHFL",2021-02-20,8644780,884025,10.23,"COVID19VaccDosesReceived","2021-02-21_18-00-00"
"CHFL",2021-02-21,8644780,884025,10.23,"COVID19VaccDosesReceived","2021-02-21_18-00-00"