"date","geoRegion","entries","pop","sumTotal","per100Persons","per100Persons_mean7d","per100PersonsTotal","mean7d","type","version","granularity"
2020-12-23,"AI",0,16128,0,0,NA,0,NA,"COVID19FullyVaccPersons","2021-02-26_09-03-05","detailed"
2020-12-24,"AI",0,16128,0,0,NA,0,NA,"COVID19FullyVaccPersons","2021-02-26_09-03-05","detailed"
2020-12-25,"AI",0,16128,0,0,NA,0,NA,"COVID19FullyVaccPersons","2021-02-26_09-03-05","detailed"
2020-12-26,"AI",0,16128,0,0,0,0,0,"COVID19FullyVaccPersons","2021-02-26_09-03-05","detailed"
2020-12-27,"AI",0,16128,0,0,0,0,0,"COVID19FullyVaccPersons","2021-02-26_09-03-05","detailed"
2020-12-28,"AI",0,16128,0,0,0,0,0,"COVID19FullyVaccPersons","2021-02-26_09-03-05","detailed"
2020-12-29,"AI",0,16128,0,0,0,0,0,"COVID19FullyVaccPersons","2021-02-26_09-03-05","detailed"
2020-12-30,"AI",0,16128,0,0,0,0,0,"COVID19FullyVaccPersons","2021-02-26_09-03-05","detailed"
2020-12-31,"AI",0,16128,0,0,0,0,0,"COVID19FullyVaccPersons","2021-02-26_09-03-05","detailed"
2021-01-01,"AI",0,16128,0,0,0,0,0,"COVID19FullyVaccPersons","2021-02-26_09-03-05","detailed"
2021-01-02,"AI",0,16128,0,0,0,0,0,"COVID19FullyVaccPersons","2021-02-26_09-03-05","detailed"
2021-01-03,"AI",0,16128,0,0,0,0,0,"COVID19FullyVaccPersons","2021-02-26_09-03-05","detailed"
2021-01-04,"AI",0,16128,0,0,0,0,0,"COVID19FullyVaccPersons","2021-02-26_09-03-05","detailed"
2021-01-05,"AI",0,16128,0,0,0,0,0,"COVID19FullyVaccPersons","2021-02-26_09-03-05","detailed"
2021-01-06,"AI",0,16128,0,0,0,0,0,"COVID19FullyVaccPersons","2021-02-26_09-03-05","detailed"
2021-01-07,"AI",0,16128,0,0,0,0,0,"COVID19FullyVaccPersons","2021-02-26_09-03-05","detailed"
2021-01-08,"AI",0,16128,0,0,0,0,0,"COVID19FullyVaccPersons","2021-02-26_09-03-05","detailed"
2021-01-09,"AI",0,16128,0,0,0,0,0,"COVID19FullyVaccPersons","2021-02-26_09-03-05","detailed"
2021-01-10,"AI",0,16128,0,0,0,0,0,"COVID19FullyVaccPersons","2021-02-26_09-03-05","detailed"
2021-01-11,"AI",0,16128,0,0,0,0,0,"COVID19FullyVaccPersons","2021-02-26_09-03-05","detailed"
2021-01-12,"AI",0,16128,0,0,0,0,0,"COVID19FullyVaccPersons","2021-02-26_09-03-05","detailed"
2021-01-13,"AI",0,16128,0,0,0,0,0,"COVID19FullyVaccPersons","2021-02-26_09-03-05","detailed"
2021-01-14,"AI",0,16128,0,0,0,0,0,"COVID19FullyVaccPersons","2021-02-26_09-03-05","detailed"
2021-01-15,"AI",0,16128,0,0,0,0,0,"COVID19FullyVaccPersons","2021-02-26_09-03-05","detailed"
2021-01-16,"AI",0,16128,0,0,0,0,0,"COVID19FullyVaccPersons","2021-02-26_09-03-05","detailed"
2021-01-17,"AI",0,16128,0,0,0,0,0,"COVID19FullyVaccPersons","2021-02-26_09-03-05","detailed"
2021-01-18,"AI",0,16128,0,0,0,0,0,"COVID19FullyVaccPersons","2021-02-26_09-03-05","detailed"
2021-01-19,"AI",0,16128,0,0,0,0,0,"COVID19FullyVaccPersons","2021-02-26_09-03-05","detailed"
2021-01-20,"AI",0,16128,0,0,0,0,0,"COVID19FullyVaccPersons","2021-02-26_09-03-05","detailed"
2021-01-21,"AI",0,16128,0,0,0,0,0,"COVID19FullyVaccPersons","2021-02-26_09-03-05","detailed"
2021-01-22,"AI",0,16128,0,0,0.01,0,2.14,"COVID19FullyVaccPersons","2021-02-26_09-03-05","detailed"
2021-01-23,"AI",0,16128,0,0,0.08,0,13,"COVID19FullyVaccPersons","2021-02-26_09-03-05","detailed"
2021-01-24,"AI",0,16128,0,0,0.08,0,13,"COVID19FullyVaccPersons","2021-02-26_09-03-05","detailed"
2021-01-25,"AI",15,16128,15,0.09,0.08,0.09,13.14,"COVID19FullyVaccPersons","2021-02-26_09-03-05","detailed"
2021-01-26,"AI",76,16128,91,0.47,0.08,0.56,13.14,"COVID19FullyVaccPersons","2021-02-26_09-03-05","detailed"
2021-01-27,"AI",0,16128,91,0,0.08,0.56,13.14,"COVID19FullyVaccPersons","2021-02-26_09-03-05","detailed"
2021-01-28,"AI",1,16128,92,0.01,0.08,0.57,13.14,"COVID19FullyVaccPersons","2021-02-26_09-03-05","detailed"
2021-01-29,"AI",0,16128,92,0,0.09,0.57,14.14,"COVID19FullyVaccPersons","2021-02-26_09-03-05","detailed"
2021-01-30,"AI",0,16128,92,0,0.15,0.57,24,"COVID19FullyVaccPersons","2021-02-26_09-03-05","detailed"
2021-01-31,"AI",0,16128,92,0,0.2,0.57,31.43,"COVID19FullyVaccPersons","2021-02-26_09-03-05","detailed"
2021-02-01,"AI",22,16128,114,0.14,0.22,0.71,36.14,"COVID19FullyVaccPersons","2021-02-26_09-03-05","detailed"
2021-02-02,"AI",145,16128,259,0.9,0.27,1.61,43.14,"COVID19FullyVaccPersons","2021-02-26_09-03-05","detailed"
2021-02-03,"AI",52,16128,311,0.32,0.27,1.93,43.14,"COVID19FullyVaccPersons","2021-02-26_09-03-05","detailed"
2021-02-04,"AI",34,16128,345,0.21,0.27,2.14,43.14,"COVID19FullyVaccPersons","2021-02-26_09-03-05","detailed"
2021-02-05,"AI",49,16128,394,0.3,0.28,2.44,45.57,"COVID19FullyVaccPersons","2021-02-26_09-03-05","detailed"
2021-02-06,"AI",0,16128,394,0,0.24,2.44,38.43,"COVID19FullyVaccPersons","2021-02-26_09-03-05","detailed"
2021-02-07,"AI",0,16128,394,0,0.22,2.44,35,"COVID19FullyVaccPersons","2021-02-26_09-03-05","detailed"
2021-02-08,"AI",39,16128,433,0.24,0.19,2.68,30.14,"COVID19FullyVaccPersons","2021-02-26_09-03-05","detailed"
2021-02-09,"AI",95,16128,528,0.59,0.17,3.27,27.43,"COVID19FullyVaccPersons","2021-02-26_09-03-05","detailed"
2021-02-10,"AI",28,16128,556,0.17,0.17,3.45,27.43,"COVID19FullyVaccPersons","2021-02-26_09-03-05","detailed"
2021-02-11,"AI",0,16128,556,0,0.17,3.45,27.43,"COVID19FullyVaccPersons","2021-02-26_09-03-05","detailed"
2021-02-12,"AI",30,16128,586,0.19,0.18,3.63,29.14,"COVID19FullyVaccPersons","2021-02-26_09-03-05","detailed"
2021-02-13,"AI",0,16128,586,0,0.21,3.63,34.14,"COVID19FullyVaccPersons","2021-02-26_09-03-05","detailed"
2021-02-14,"AI",0,16128,586,0,0.25,3.63,40.29,"COVID19FullyVaccPersons","2021-02-26_09-03-05","detailed"
2021-02-15,"AI",51,16128,637,0.32,0.31,3.95,50.29,"COVID19FullyVaccPersons","2021-02-26_09-03-05","detailed"
2021-02-16,"AI",130,16128,767,0.81,0.34,4.76,54.57,"COVID19FullyVaccPersons","2021-02-26_09-03-05","detailed"
2021-02-17,"AI",71,16128,838,0.44,0.34,5.2,54.57,"COVID19FullyVaccPersons","2021-02-26_09-03-05","detailed"
2021-02-18,"AI",70,16128,908,0.43,0.34,5.63,54.57,"COVID19FullyVaccPersons","2021-02-26_09-03-05","detailed"
2021-02-19,"AI",60,16128,968,0.37,0.3,6,48.86,"COVID19FullyVaccPersons","2021-02-26_09-03-05","detailed"
2021-02-20,"AI",0,16128,968,0,0.21,6,34.71,"COVID19FullyVaccPersons","2021-02-26_09-03-05","detailed"
2021-02-21,"AI",0,16128,968,0,0.15,6,24.57,"COVID19FullyVaccPersons","2021-02-26_09-03-05","detailed"
2021-02-22,"AI",11,16128,979,0.07,NA,6.07,NA,"COVID19FullyVaccPersons","2021-02-26_09-03-05","detailed"
2021-02-23,"AI",31,16128,1010,0.19,NA,6.26,NA,"COVID19FullyVaccPersons","2021-02-26_09-03-05","detailed"
2021-02-24,"AI",0,16128,1010,0,NA,6.26,NA,"COVID19FullyVaccPersons","2021-02-26_09-03-05","detailed"
2020-12-23,"AR",0,55445,0,0,NA,0,NA,"COVID19FullyVaccPersons","2021-02-26_09-03-05","detailed"
2020-12-24,"AR",0,55445,0,0,NA,0,NA,"COVID19FullyVaccPersons","2021-02-26_09-03-05","detailed"
2020-12-25,"AR",0,55445,0,0,NA,0,NA,"COVID19FullyVaccPersons","2021-02-26_09-03-05","detailed"
2020-12-26,"AR",0,55445,0,0,0,0,0,"COVID19FullyVaccPersons","2021-02-26_09-03-05","detailed"
2020-12-27,"AR",0,55445,0,0,0,0,0.14,"COVID19FullyVaccPersons","2021-02-26_09-03-05","detailed"
2020-12-28,"AR",0,55445,0,0,0,0,0.14,"COVID19FullyVaccPersons","2021-02-26_09-03-05","detailed"
2020-12-29,"AR",0,55445,0,0,0,0,0.14,"COVID19FullyVaccPersons","2021-02-26_09-03-05","detailed"
2020-12-30,"AR",1,55445,1,0,0,0,0.14,"COVID19FullyVaccPersons","2021-02-26_09-03-05","detailed"
2020-12-31,"AR",0,55445,1,0,0,0,0.14,"COVID19FullyVaccPersons","2021-02-26_09-03-05","detailed"
2021-01-01,"AR",0,55445,1,0,0,0,0.14,"COVID19FullyVaccPersons","2021-02-26_09-03-05","detailed"
2021-01-02,"AR",0,55445,1,0,0,0,0.14,"COVID19FullyVaccPersons","2021-02-26_09-03-05","detailed"
2021-01-03,"AR",0,55445,1,0,0,0,0,"COVID19FullyVaccPersons","2021-02-26_09-03-05","detailed"
2021-01-04,"AR",0,55445,1,0,0,0,0,"COVID19FullyVaccPersons","2021-02-26_09-03-05","detailed"
2021-01-05,"AR",0,55445,1,0,0,0,0,"COVID19FullyVaccPersons","2021-02-26_09-03-05","detailed"
2021-01-06,"AR",0,55445,1,0,0,0,0,"COVID19FullyVaccPersons","2021-02-26_09-03-05","detailed"
2021-01-07,"AR",0,55445,1,0,0,0,0,"COVID19FullyVaccPersons","2021-02-26_09-03-05","detailed"
2021-01-08,"AR",0,55445,1,0,0,0,0,"COVID19FullyVaccPersons","2021-02-26_09-03-05","detailed"
2021-01-09,"AR",0,55445,1,0,0,0,0,"COVID19FullyVaccPersons","2021-02-26_09-03-05","detailed"
2021-01-10,"AR",0,55445,1,0,0,0,0,"COVID19FullyVaccPersons","2021-02-26_09-03-05","detailed"
2021-01-11,"AR",0,55445,1,0,0,0,0,"COVID19FullyVaccPersons","2021-02-26_09-03-05","detailed"
2021-01-12,"AR",0,55445,1,0,0,0,0,"COVID19FullyVaccPersons","2021-02-26_09-03-05","detailed"
2021-01-13,"AR",0,55445,1,0,0,0,0,"COVID19FullyVaccPersons","2021-02-26_09-03-05","detailed"
2021-01-14,"AR",0,55445,1,0,0,0,0,"COVID19FullyVaccPersons","2021-02-26_09-03-05","detailed"
2021-01-15,"AR",0,55445,1,0,0,0,0.14,"COVID19FullyVaccPersons","2021-02-26_09-03-05","detailed"
2021-01-16,"AR",0,55445,1,0,0,0,0.14,"COVID19FullyVaccPersons","2021-02-26_09-03-05","detailed"
2021-01-17,"AR",0,55445,1,0,0,0,0.14,"COVID19FullyVaccPersons","2021-02-26_09-03-05","detailed"
2021-01-18,"AR",1,55445,2,0,0,0,0.14,"COVID19FullyVaccPersons","2021-02-26_09-03-05","detailed"
2021-01-19,"AR",0,55445,2,0,0,0,0.14,"COVID19FullyVaccPersons","2021-02-26_09-03-05","detailed"
2021-01-20,"AR",0,55445,2,0,0,0,0.14,"COVID19FullyVaccPersons","2021-02-26_09-03-05","detailed"
2021-01-21,"AR",0,55445,2,0,0,0,0.14,"COVID19FullyVaccPersons","2021-02-26_09-03-05","detailed"
2021-01-22,"AR",0,55445,2,0,0.02,0,13.57,"COVID19FullyVaccPersons","2021-02-26_09-03-05","detailed"
2021-01-23,"AR",0,55445,2,0,0.06,0,35.71,"COVID19FullyVaccPersons","2021-02-26_09-03-05","detailed"
2021-01-24,"AR",0,55445,2,0,0.09,0,51.14,"COVID19FullyVaccPersons","2021-02-26_09-03-05","detailed"
2021-01-25,"AR",95,55445,97,0.17,0.13,0.17,71.71,"COVID19FullyVaccPersons","2021-02-26_09-03-05","detailed"
2021-01-26,"AR",155,55445,252,0.28,0.14,0.45,80.71,"COVID19FullyVaccPersons","2021-02-26_09-03-05","detailed"
2021-01-27,"AR",108,55445,360,0.19,0.14,0.65,80.71,"COVID19FullyVaccPersons","2021-02-26_09-03-05","detailed"
2021-01-28,"AR",144,55445,504,0.26,0.14,0.91,80.71,"COVID19FullyVaccPersons","2021-02-26_09-03-05","detailed"
2021-01-29,"AR",63,55445,567,0.11,0.12,1.02,67.14,"COVID19FullyVaccPersons","2021-02-26_09-03-05","detailed"
2021-01-30,"AR",0,55445,567,0,0.08,1.02,45,"COVID19FullyVaccPersons","2021-02-26_09-03-05","detailed"
2021-01-31,"AR",0,55445,567,0,0.05,1.02,29.57,"COVID19FullyVaccPersons","2021-02-26_09-03-05","detailed"
2021-02-01,"AR",0,55445,567,0,0.02,1.02,9,"COVID19FullyVaccPersons","2021-02-26_09-03-05","detailed"
2021-02-02,"AR",0,55445,567,0,0,1.02,0,"COVID19FullyVaccPersons","2021-02-26_09-03-05","detailed"
2021-02-03,"AR",0,55445,567,0,0,1.02,0,"COVID19FullyVaccPersons","2021-02-26_09-03-05","detailed"
2021-02-04,"AR",0,55445,567,0,0,1.02,0,"COVID19FullyVaccPersons","2021-02-26_09-03-05","detailed"
2021-02-05,"AR",0,55445,567,0,0.05,1.02,27.43,"COVID19FullyVaccPersons","2021-02-26_09-03-05","detailed"
2021-02-06,"AR",0,55445,567,0,0.05,1.02,27.43,"COVID19FullyVaccPersons","2021-02-26_09-03-05","detailed"
2021-02-07,"AR",0,55445,567,0,0.05,1.02,27.43,"COVID19FullyVaccPersons","2021-02-26_09-03-05","detailed"
2021-02-08,"AR",192,55445,759,0.35,0.05,1.37,27.43,"COVID19FullyVaccPersons","2021-02-26_09-03-05","detailed"
2021-02-09,"AR",0,55445,759,0,0.06,1.37,32,"COVID19FullyVaccPersons","2021-02-26_09-03-05","detailed"
2021-02-10,"AR",0,55445,759,0,0.06,1.37,32,"COVID19FullyVaccPersons","2021-02-26_09-03-05","detailed"
2021-02-11,"AR",0,55445,759,0,0.06,1.37,32,"COVID19FullyVaccPersons","2021-02-26_09-03-05","detailed"
2021-02-12,"AR",32,55445,791,0.06,0.1,1.43,54.14,"COVID19FullyVaccPersons","2021-02-26_09-03-05","detailed"
2021-02-13,"AR",0,55445,791,0,0.14,1.43,77,"COVID19FullyVaccPersons","2021-02-26_09-03-05","detailed"
2021-02-14,"AR",0,55445,791,0,0.2,1.43,111,"COVID19FullyVaccPersons","2021-02-26_09-03-05","detailed"
2021-02-15,"AR",347,55445,1138,0.63,0.26,2.05,141.57,"COVID19FullyVaccPersons","2021-02-26_09-03-05","detailed"
2021-02-16,"AR",160,55445,1298,0.29,0.28,2.34,152,"COVID19FullyVaccPersons","2021-02-26_09-03-05","detailed"
2021-02-17,"AR",238,55445,1536,0.43,0.28,2.77,152,"COVID19FullyVaccPersons","2021-02-26_09-03-05","detailed"
2021-02-18,"AR",214,55445,1750,0.39,0.28,3.16,152,"COVID19FullyVaccPersons","2021-02-26_09-03-05","detailed"
2021-02-19,"AR",105,55445,1855,0.19,0.22,3.35,123.43,"COVID19FullyVaccPersons","2021-02-26_09-03-05","detailed"
2021-02-20,"AR",0,55445,1855,0,0.22,3.35,123.43,"COVID19FullyVaccPersons","2021-02-26_09-03-05","detailed"
2021-02-21,"AR",0,55445,1855,0,0.22,3.35,118.86,"COVID19FullyVaccPersons","2021-02-26_09-03-05","detailed"
2021-02-22,"AR",147,55445,2002,0.27,NA,3.61,NA,"COVID19FullyVaccPersons","2021-02-26_09-03-05","detailed"
2021-02-23,"AR",160,55445,2162,0.29,NA,3.9,NA,"COVID19FullyVaccPersons","2021-02-26_09-03-05","detailed"
2021-02-24,"AR",206,55445,2368,0.37,NA,4.27,NA,"COVID19FullyVaccPersons","2021-02-26_09-03-05","detailed"
2020-12-23,"BE",0,1039474,0,0,NA,0,NA,"COVID19FullyVaccPersons","2021-02-26_09-03-05","detailed"
2020-12-24,"BE",0,1039474,0,0,NA,0,NA,"COVID19FullyVaccPersons","2021-02-26_09-03-05","detailed"
2020-12-25,"BE",0,1039474,0,0,NA,0,NA,"COVID19FullyVaccPersons","2021-02-26_09-03-05","detailed"
2020-12-26,"BE",0,1039474,0,0,0,0,0,"COVID19FullyVaccPersons","2021-02-26_09-03-05","detailed"
2020-12-27,"BE",0,1039474,0,0,0,0,0,"COVID19FullyVaccPersons","2021-02-26_09-03-05","detailed"
2020-12-28,"BE",0,1039474,0,0,0,0,0,"COVID19FullyVaccPersons","2021-02-26_09-03-05","detailed"
2020-12-29,"BE",0,1039474,0,0,0,0,0,"COVID19FullyVaccPersons","2021-02-26_09-03-05","detailed"
2020-12-30,"BE",0,1039474,0,0,0,0,0,"COVID19FullyVaccPersons","2021-02-26_09-03-05","detailed"
2020-12-31,"BE",0,1039474,0,0,0,0,0,"COVID19FullyVaccPersons","2021-02-26_09-03-05","detailed"
2021-01-01,"BE",0,1039474,0,0,0,0,0,"COVID19FullyVaccPersons","2021-02-26_09-03-05","detailed"
2021-01-02,"BE",0,1039474,0,0,0,0,0,"COVID19FullyVaccPersons","2021-02-26_09-03-05","detailed"
2021-01-03,"BE",0,1039474,0,0,0,0,0,"COVID19FullyVaccPersons","2021-02-26_09-03-05","detailed"
2021-01-04,"BE",0,1039474,0,0,0,0,0,"COVID19FullyVaccPersons","2021-02-26_09-03-05","detailed"
2021-01-05,"BE",0,1039474,0,0,0,0,0,"COVID19FullyVaccPersons","2021-02-26_09-03-05","detailed"
2021-01-06,"BE",0,1039474,0,0,0,0,0,"COVID19FullyVaccPersons","2021-02-26_09-03-05","detailed"
2021-01-07,"BE",0,1039474,0,0,0,0,0,"COVID19FullyVaccPersons","2021-02-26_09-03-05","detailed"
2021-01-08,"BE",0,1039474,0,0,0,0,0,"COVID19FullyVaccPersons","2021-02-26_09-03-05","detailed"
2021-01-09,"BE",0,1039474,0,0,0,0,0,"COVID19FullyVaccPersons","2021-02-26_09-03-05","detailed"
2021-01-10,"BE",0,1039474,0,0,0,0,0,"COVID19FullyVaccPersons","2021-02-26_09-03-05","detailed"
2021-01-11,"BE",0,1039474,0,0,0,0,0,"COVID19FullyVaccPersons","2021-02-26_09-03-05","detailed"
2021-01-12,"BE",0,1039474,0,0,0,0,0,"COVID19FullyVaccPersons","2021-02-26_09-03-05","detailed"
2021-01-13,"BE",0,1039474,0,0,0,0,0,"COVID19FullyVaccPersons","2021-02-26_09-03-05","detailed"
2021-01-14,"BE",0,1039474,0,0,0,0,0,"COVID19FullyVaccPersons","2021-02-26_09-03-05","detailed"
2021-01-15,"BE",0,1039474,0,0,0,0,0,"COVID19FullyVaccPersons","2021-02-26_09-03-05","detailed"
2021-01-16,"BE",0,1039474,0,0,0,0,0,"COVID19FullyVaccPersons","2021-02-26_09-03-05","detailed"
2021-01-17,"BE",0,1039474,0,0,0,0,0,"COVID19FullyVaccPersons","2021-02-26_09-03-05","detailed"
2021-01-18,"BE",0,1039474,0,0,0,0,0,"COVID19FullyVaccPersons","2021-02-26_09-03-05","detailed"
2021-01-19,"BE",0,1039474,0,0,0,0,0,"COVID19FullyVaccPersons","2021-02-26_09-03-05","detailed"
2021-01-20,"BE",0,1039474,0,0,0,0,0,"COVID19FullyVaccPersons","2021-02-26_09-03-05","detailed"
2021-01-21,"BE",0,1039474,0,0,0,0,0,"COVID19FullyVaccPersons","2021-02-26_09-03-05","detailed"
2021-01-22,"BE",0,1039474,0,0,0,0,0.14,"COVID19FullyVaccPersons","2021-02-26_09-03-05","detailed"
2021-01-23,"BE",0,1039474,0,0,0,0,0.14,"COVID19FullyVaccPersons","2021-02-26_09-03-05","detailed"
2021-01-24,"BE",0,1039474,0,0,0,0,0.14,"COVID19FullyVaccPersons","2021-02-26_09-03-05","detailed"
2021-01-25,"BE",1,1039474,1,0,0,0,0.14,"COVID19FullyVaccPersons","2021-02-26_09-03-05","detailed"
2021-01-26,"BE",0,1039474,1,0,0,0,0.14,"COVID19FullyVaccPersons","2021-02-26_09-03-05","detailed"
2021-01-27,"BE",0,1039474,1,0,0,0,0.14,"COVID19FullyVaccPersons","2021-02-26_09-03-05","detailed"
2021-01-28,"BE",0,1039474,1,0,0,0,0.14,"COVID19FullyVaccPersons","2021-02-26_09-03-05","detailed"
2021-01-29,"BE",0,1039474,1,0,0,0,0.14,"COVID19FullyVaccPersons","2021-02-26_09-03-05","detailed"
2021-01-30,"BE",0,1039474,1,0,0,0,0.43,"COVID19FullyVaccPersons","2021-02-26_09-03-05","detailed"
2021-01-31,"BE",0,1039474,1,0,0,0,0.86,"COVID19FullyVaccPersons","2021-02-26_09-03-05","detailed"
2021-02-01,"BE",1,1039474,2,0,0,0,1.14,"COVID19FullyVaccPersons","2021-02-26_09-03-05","detailed"
2021-02-02,"BE",2,1039474,4,0,0,0,1.43,"COVID19FullyVaccPersons","2021-02-26_09-03-05","detailed"
2021-02-03,"BE",3,1039474,7,0,0,0,1.57,"COVID19FullyVaccPersons","2021-02-26_09-03-05","detailed"
2021-02-04,"BE",2,1039474,9,0,0,0,1.57,"COVID19FullyVaccPersons","2021-02-26_09-03-05","detailed"
2021-02-05,"BE",2,1039474,11,0,0.01,0,97.29,"COVID19FullyVaccPersons","2021-02-26_09-03-05","detailed"
2021-02-06,"BE",1,1039474,12,0,0.02,0,198.86,"COVID19FullyVaccPersons","2021-02-26_09-03-05","detailed"
2021-02-07,"BE",0,1039474,12,0,0.03,0,318.29,"COVID19FullyVaccPersons","2021-02-26_09-03-05","detailed"
2021-02-08,"BE",671,1039474,683,0.06,0.05,0.07,485.57,"COVID19FullyVaccPersons","2021-02-26_09-03-05","detailed"
2021-02-09,"BE",713,1039474,1396,0.07,0.06,0.13,650.71,"COVID19FullyVaccPersons","2021-02-26_09-03-05","detailed"
2021-02-10,"BE",839,1039474,2235,0.08,0.06,0.22,650.57,"COVID19FullyVaccPersons","2021-02-26_09-03-05","detailed"
2021-02-11,"BE",1173,1039474,3408,0.11,0.06,0.33,650.57,"COVID19FullyVaccPersons","2021-02-26_09-03-05","detailed"
2021-02-12,"BE",1158,1039474,4566,0.11,0.07,0.44,777.29,"COVID19FullyVaccPersons","2021-02-26_09-03-05","detailed"
2021-02-13,"BE",0,1039474,4566,0,0.09,0.44,953.86,"COVID19FullyVaccPersons","2021-02-26_09-03-05","detailed"
2021-02-14,"BE",0,1039474,4566,0,0.1,0.44,1088.86,"COVID19FullyVaccPersons","2021-02-26_09-03-05","detailed"
2021-02-15,"BE",1558,1039474,6124,0.15,0.12,0.59,1207.29,"COVID19FullyVaccPersons","2021-02-26_09-03-05","detailed"
2021-02-16,"BE",1949,1039474,8073,0.19,0.13,0.78,1355.57,"COVID19FullyVaccPersons","2021-02-26_09-03-05","detailed"
2021-02-17,"BE",1784,1039474,9857,0.17,0.13,0.95,1361.14,"COVID19FullyVaccPersons","2021-02-26_09-03-05","detailed"
2021-02-18,"BE",2002,1039474,11859,0.19,0.13,1.14,1361.14,"COVID19FullyVaccPersons","2021-02-26_09-03-05","detailed"
2021-02-19,"BE",2196,1039474,14055,0.21,0.14,1.35,1423.29,"COVID19FullyVaccPersons","2021-02-26_09-03-05","detailed"
2021-02-20,"BE",39,1039474,14094,0,0.14,1.36,1452.71,"COVID19FullyVaccPersons","2021-02-26_09-03-05","detailed"
2021-02-21,"BE",0,1039474,14094,0,0.14,1.36,1511.57,"COVID19FullyVaccPersons","2021-02-26_09-03-05","detailed"
2021-02-22,"BE",1993,1039474,16087,0.19,NA,1.55,NA,"COVID19FullyVaccPersons","2021-02-26_09-03-05","detailed"
2021-02-23,"BE",2155,1039474,18242,0.21,NA,1.75,NA,"COVID19FullyVaccPersons","2021-02-26_09-03-05","detailed"
2021-02-24,"BE",2196,1039474,20438,0.21,NA,1.97,NA,"COVID19FullyVaccPersons","2021-02-26_09-03-05","detailed"
2020-12-23,"FL",0,38747,0,0,NA,0,NA,"COVID19FullyVaccPersons","2021-02-26_09-03-05","detailed"
2020-12-24,"FL",0,38747,0,0,NA,0,NA,"COVID19FullyVaccPersons","2021-02-26_09-03-05","detailed"
2020-12-25,"FL",0,38747,0,0,NA,0,NA,"COVID19FullyVaccPersons","2021-02-26_09-03-05","detailed"
2020-12-26,"FL",0,38747,0,0,0,0,0,"COVID19FullyVaccPersons","2021-02-26_09-03-05","detailed"
2020-12-27,"FL",0,38747,0,0,0,0,0,"COVID19FullyVaccPersons","2021-02-26_09-03-05","detailed"
2020-12-28,"FL",0,38747,0,0,0,0,0,"COVID19FullyVaccPersons","2021-02-26_09-03-05","detailed"
2020-12-29,"FL",0,38747,0,0,0,0,0,"COVID19FullyVaccPersons","2021-02-26_09-03-05","detailed"
2020-12-30,"FL",0,38747,0,0,0,0,0,"COVID19FullyVaccPersons","2021-02-26_09-03-05","detailed"
2020-12-31,"FL",0,38747,0,0,0,0,0,"COVID19FullyVaccPersons","2021-02-26_09-03-05","detailed"
2021-01-01,"FL",0,38747,0,0,0,0,0,"COVID19FullyVaccPersons","2021-02-26_09-03-05","detailed"
2021-01-02,"FL",0,38747,0,0,0,0,0,"COVID19FullyVaccPersons","2021-02-26_09-03-05","detailed"
2021-01-03,"FL",0,38747,0,0,0,0,0,"COVID19FullyVaccPersons","2021-02-26_09-03-05","detailed"
2021-01-04,"FL",0,38747,0,0,0,0,0,"COVID19FullyVaccPersons","2021-02-26_09-03-05","detailed"
2021-01-05,"FL",0,38747,0,0,0,0,0,"COVID19FullyVaccPersons","2021-02-26_09-03-05","detailed"
2021-01-06,"FL",0,38747,0,0,0,0,0,"COVID19FullyVaccPersons","2021-02-26_09-03-05","detailed"
2021-01-07,"FL",0,38747,0,0,0,0,0,"COVID19FullyVaccPersons","2021-02-26_09-03-05","detailed"
2021-01-08,"FL",0,38747,0,0,0,0,0,"COVID19FullyVaccPersons","2021-02-26_09-03-05","detailed"
2021-01-09,"FL",0,38747,0,0,0,0,0,"COVID19FullyVaccPersons","2021-02-26_09-03-05","detailed"
2021-01-10,"FL",0,38747,0,0,0,0,0,"COVID19FullyVaccPersons","2021-02-26_09-03-05","detailed"
2021-01-11,"FL",0,38747,0,0,0,0,0,"COVID19FullyVaccPersons","2021-02-26_09-03-05","detailed"
2021-01-12,"FL",0,38747,0,0,0,0,0,"COVID19FullyVaccPersons","2021-02-26_09-03-05","detailed"
2021-01-13,"FL",0,38747,0,0,0,0,0,"COVID19FullyVaccPersons","2021-02-26_09-03-05","detailed"
2021-01-14,"FL",0,38747,0,0,0,0,0,"COVID19FullyVaccPersons","2021-02-26_09-03-05","detailed"
2021-01-15,"FL",0,38747,0,0,0,0,0,"COVID19FullyVaccPersons","2021-02-26_09-03-05","detailed"
2021-01-16,"FL",0,38747,0,0,0,0,0,"COVID19FullyVaccPersons","2021-02-26_09-03-05","detailed"
2021-01-17,"FL",0,38747,0,0,0,0,0,"COVID19FullyVaccPersons","2021-02-26_09-03-05","detailed"
2021-01-18,"FL",0,38747,0,0,0,0,0,"COVID19FullyVaccPersons","2021-02-26_09-03-05","detailed"
2021-01-19,"FL",0,38747,0,0,0,0,0,"COVID19FullyVaccPersons","2021-02-26_09-03-05","detailed"
2021-01-20,"FL",0,38747,0,0,0,0,0,"COVID19FullyVaccPersons","2021-02-26_09-03-05","detailed"
2021-01-21,"FL",0,38747,0,0,0,0,0,"COVID19FullyVaccPersons","2021-02-26_09-03-05","detailed"
2021-01-22,"FL",0,38747,0,0,0,0,0,"COVID19FullyVaccPersons","2021-02-26_09-03-05","detailed"
2021-01-23,"FL",0,38747,0,0,0,0,0,"COVID19FullyVaccPersons","2021-02-26_09-03-05","detailed"
2021-01-24,"FL",0,38747,0,0,0,0,0,"COVID19FullyVaccPersons","2021-02-26_09-03-05","detailed"
2021-01-25,"FL",0,38747,0,0,0,0,0,"COVID19FullyVaccPersons","2021-02-26_09-03-05","detailed"
2021-01-26,"FL",0,38747,0,0,0,0,0,"COVID19FullyVaccPersons","2021-02-26_09-03-05","detailed"
2021-01-27,"FL",0,38747,0,0,0,0,0,"COVID19FullyVaccPersons","2021-02-26_09-03-05","detailed"
2021-01-28,"FL",0,38747,0,0,0,0,0,"COVID19FullyVaccPersons","2021-02-26_09-03-05","detailed"
2021-01-29,"FL",0,38747,0,0,0,0,0,"COVID19FullyVaccPersons","2021-02-26_09-03-05","detailed"
2021-01-30,"FL",0,38747,0,0,0,0,0,"COVID19FullyVaccPersons","2021-02-26_09-03-05","detailed"
2021-01-31,"FL",0,38747,0,0,0,0,0.71,"COVID19FullyVaccPersons","2021-02-26_09-03-05","detailed"
2021-02-01,"FL",0,38747,0,0,0,0,0.71,"COVID19FullyVaccPersons","2021-02-26_09-03-05","detailed"
2021-02-02,"FL",0,38747,0,0,0,0,0.71,"COVID19FullyVaccPersons","2021-02-26_09-03-05","detailed"
2021-02-03,"FL",5,38747,5,0.01,0,0.01,0.71,"COVID19FullyVaccPersons","2021-02-26_09-03-05","detailed"
2021-02-04,"FL",0,38747,5,0,0,0.01,0.71,"COVID19FullyVaccPersons","2021-02-26_09-03-05","detailed"
2021-02-05,"FL",0,38747,5,0,0.04,0.01,15.71,"COVID19FullyVaccPersons","2021-02-26_09-03-05","detailed"
2021-02-06,"FL",0,38747,5,0,0.07,0.01,26.14,"COVID19FullyVaccPersons","2021-02-26_09-03-05","detailed"
2021-02-07,"FL",0,38747,5,0,0.08,0.01,32.71,"COVID19FullyVaccPersons","2021-02-26_09-03-05","detailed"
2021-02-08,"FL",105,38747,110,0.27,0.11,0.28,42,"COVID19FullyVaccPersons","2021-02-26_09-03-05","detailed"
2021-02-09,"FL",73,38747,183,0.19,0.12,0.47,46.29,"COVID19FullyVaccPersons","2021-02-26_09-03-05","detailed"
2021-02-10,"FL",51,38747,234,0.13,0.12,0.6,46.29,"COVID19FullyVaccPersons","2021-02-26_09-03-05","detailed"
2021-02-11,"FL",65,38747,299,0.17,0.12,0.77,46.29,"COVID19FullyVaccPersons","2021-02-26_09-03-05","detailed"
2021-02-12,"FL",30,38747,329,0.08,0.11,0.85,41.86,"COVID19FullyVaccPersons","2021-02-26_09-03-05","detailed"
2021-02-13,"FL",0,38747,329,0,0.1,0.85,37.71,"COVID19FullyVaccPersons","2021-02-26_09-03-05","detailed"
2021-02-14,"FL",0,38747,329,0,0.08,0.85,30.43,"COVID19FullyVaccPersons","2021-02-26_09-03-05","detailed"
2021-02-15,"FL",74,38747,403,0.19,0.05,1.04,21.14,"COVID19FullyVaccPersons","2021-02-26_09-03-05","detailed"
2021-02-16,"FL",44,38747,447,0.11,0.04,1.15,16.86,"COVID19FullyVaccPersons","2021-02-26_09-03-05","detailed"
2021-02-17,"FL",0,38747,447,0,0.04,1.15,16.86,"COVID19FullyVaccPersons","2021-02-26_09-03-05","detailed"
2021-02-18,"FL",0,38747,447,0,0.04,1.15,16.86,"COVID19FullyVaccPersons","2021-02-26_09-03-05","detailed"
2021-02-19,"FL",0,38747,447,0,0.02,1.15,6.29,"COVID19FullyVaccPersons","2021-02-26_09-03-05","detailed"
2021-02-20,"FL",0,38747,447,0,0,1.15,0,"COVID19FullyVaccPersons","2021-02-26_09-03-05","detailed"
2021-02-21,"FL",0,38747,447,0,0,1.15,0,"COVID19FullyVaccPersons","2021-02-26_09-03-05","detailed"
2021-02-22,"FL",0,38747,447,0,NA,1.15,NA,"COVID19FullyVaccPersons","2021-02-26_09-03-05","detailed"
2021-02-23,"FL",0,38747,447,0,NA,1.15,NA,"COVID19FullyVaccPersons","2021-02-26_09-03-05","detailed"
2021-02-24,"FL",0,38747,447,0,NA,1.15,NA,"COVID19FullyVaccPersons","2021-02-26_09-03-05","detailed"
2020-12-23,"FR",0,321783,0,0,NA,0,NA,"COVID19FullyVaccPersons","2021-02-26_09-03-05","detailed"
2020-12-24,"FR",0,321783,0,0,NA,0,NA,"COVID19FullyVaccPersons","2021-02-26_09-03-05","detailed"
2020-12-25,"FR",0,321783,0,0,NA,0,NA,"COVID19FullyVaccPersons","2021-02-26_09-03-05","detailed"
2020-12-26,"FR",0,321783,0,0,0,0,0,"COVID19FullyVaccPersons","2021-02-26_09-03-05","detailed"
2020-12-27,"FR",0,321783,0,0,0,0,0,"COVID19FullyVaccPersons","2021-02-26_09-03-05","detailed"
2020-12-28,"FR",0,321783,0,0,0,0,0,"COVID19FullyVaccPersons","2021-02-26_09-03-05","detailed"
2020-12-29,"FR",0,321783,0,0,0,0,0,"COVID19FullyVaccPersons","2021-02-26_09-03-05","detailed"
2020-12-30,"FR",0,321783,0,0,0,0,0,"COVID19FullyVaccPersons","2021-02-26_09-03-05","detailed"
2020-12-31,"FR",0,321783,0,0,0,0,0,"COVID19FullyVaccPersons","2021-02-26_09-03-05","detailed"
2021-01-01,"FR",0,321783,0,0,0,0,0,"COVID19FullyVaccPersons","2021-02-26_09-03-05","detailed"
2021-01-02,"FR",0,321783,0,0,0,0,0,"COVID19FullyVaccPersons","2021-02-26_09-03-05","detailed"
2021-01-03,"FR",0,321783,0,0,0,0,0,"COVID19FullyVaccPersons","2021-02-26_09-03-05","detailed"
2021-01-04,"FR",0,321783,0,0,0,0,0,"COVID19FullyVaccPersons","2021-02-26_09-03-05","detailed"
2021-01-05,"FR",0,321783,0,0,0,0,0,"COVID19FullyVaccPersons","2021-02-26_09-03-05","detailed"
2021-01-06,"FR",0,321783,0,0,0,0,0,"COVID19FullyVaccPersons","2021-02-26_09-03-05","detailed"
2021-01-07,"FR",0,321783,0,0,0,0,0,"COVID19FullyVaccPersons","2021-02-26_09-03-05","detailed"
2021-01-08,"FR",0,321783,0,0,0,0,0,"COVID19FullyVaccPersons","2021-02-26_09-03-05","detailed"
2021-01-09,"FR",0,321783,0,0,0,0,0,"COVID19FullyVaccPersons","2021-02-26_09-03-05","detailed"
2021-01-10,"FR",0,321783,0,0,0,0,0,"COVID19FullyVaccPersons","2021-02-26_09-03-05","detailed"
2021-01-11,"FR",0,321783,0,0,0,0,0,"COVID19FullyVaccPersons","2021-02-26_09-03-05","detailed"
2021-01-12,"FR",0,321783,0,0,0,0,0,"COVID19FullyVaccPersons","2021-02-26_09-03-05","detailed"
2021-01-13,"FR",0,321783,0,0,0,0,0,"COVID19FullyVaccPersons","2021-02-26_09-03-05","detailed"
2021-01-14,"FR",0,321783,0,0,0,0,0,"COVID19FullyVaccPersons","2021-02-26_09-03-05","detailed"
2021-01-15,"FR",0,321783,0,0,0,0,0,"COVID19FullyVaccPersons","2021-02-26_09-03-05","detailed"
2021-01-16,"FR",0,321783,0,0,0,0,0,"COVID19FullyVaccPersons","2021-02-26_09-03-05","detailed"
2021-01-17,"FR",0,321783,0,0,0,0,0,"COVID19FullyVaccPersons","2021-02-26_09-03-05","detailed"
2021-01-18,"FR",0,321783,0,0,0,0,0.14,"COVID19FullyVaccPersons","2021-02-26_09-03-05","detailed"
2021-01-19,"FR",0,321783,0,0,0,0,0.57,"COVID19FullyVaccPersons","2021-02-26_09-03-05","detailed"
2021-01-20,"FR",0,321783,0,0,0,0,0.57,"COVID19FullyVaccPersons","2021-02-26_09-03-05","detailed"
2021-01-21,"FR",1,321783,1,0,0,0,0.57,"COVID19FullyVaccPersons","2021-02-26_09-03-05","detailed"
2021-01-22,"FR",3,321783,4,0,0,0,0.57,"COVID19FullyVaccPersons","2021-02-26_09-03-05","detailed"
2021-01-23,"FR",0,321783,4,0,0,0,0.57,"COVID19FullyVaccPersons","2021-02-26_09-03-05","detailed"
2021-01-24,"FR",0,321783,4,0,0,0,1.14,"COVID19FullyVaccPersons","2021-02-26_09-03-05","detailed"
2021-01-25,"FR",0,321783,4,0,0.01,0,27.57,"COVID19FullyVaccPersons","2021-02-26_09-03-05","detailed"
2021-01-26,"FR",0,321783,4,0,0.01,0,45.29,"COVID19FullyVaccPersons","2021-02-26_09-03-05","detailed"
2021-01-27,"FR",4,321783,8,0,0.01,0,45.29,"COVID19FullyVaccPersons","2021-02-26_09-03-05","detailed"
2021-01-28,"FR",186,321783,194,0.06,0.01,0.06,45.29,"COVID19FullyVaccPersons","2021-02-26_09-03-05","detailed"
2021-01-29,"FR",127,321783,321,0.04,0.03,0.1,87.57,"COVID19FullyVaccPersons","2021-02-26_09-03-05","detailed"
2021-01-30,"FR",0,321783,321,0,0.04,0.1,118.57,"COVID19FullyVaccPersons","2021-02-26_09-03-05","detailed"
2021-01-31,"FR",0,321783,321,0,0.05,0.1,146.29,"COVID19FullyVaccPersons","2021-02-26_09-03-05","detailed"
2021-02-01,"FR",296,321783,617,0.09,0.05,0.19,166.29,"COVID19FullyVaccPersons","2021-02-26_09-03-05","detailed"
2021-02-02,"FR",217,321783,834,0.07,0.06,0.26,178.71,"COVID19FullyVaccPersons","2021-02-26_09-03-05","detailed"
2021-02-03,"FR",198,321783,1032,0.06,0.06,0.32,178.71,"COVID19FullyVaccPersons","2021-02-26_09-03-05","detailed"
2021-02-04,"FR",326,321783,1358,0.1,0.06,0.42,178.71,"COVID19FullyVaccPersons","2021-02-26_09-03-05","detailed"
2021-02-05,"FR",214,321783,1572,0.07,0.05,0.49,175.43,"COVID19FullyVaccPersons","2021-02-26_09-03-05","detailed"
2021-02-06,"FR",0,321783,1572,0,0.06,0.49,187.43,"COVID19FullyVaccPersons","2021-02-26_09-03-05","detailed"
2021-02-07,"FR",0,321783,1572,0,0.06,0.49,189.86,"COVID19FullyVaccPersons","2021-02-26_09-03-05","detailed"
2021-02-08,"FR",273,321783,1845,0.08,0.06,0.57,187.71,"COVID19FullyVaccPersons","2021-02-26_09-03-05","detailed"
2021-02-09,"FR",301,321783,2146,0.09,0.06,0.67,197.57,"COVID19FullyVaccPersons","2021-02-26_09-03-05","detailed"
2021-02-10,"FR",215,321783,2361,0.07,0.06,0.73,208.86,"COVID19FullyVaccPersons","2021-02-26_09-03-05","detailed"
2021-02-11,"FR",311,321783,2672,0.1,0.06,0.83,208.86,"COVID19FullyVaccPersons","2021-02-26_09-03-05","detailed"
2021-02-12,"FR",283,321783,2955,0.09,0.07,0.92,229.57,"COVID19FullyVaccPersons","2021-02-26_09-03-05","detailed"
2021-02-13,"FR",79,321783,3034,0.02,0.08,0.94,240.43,"COVID19FullyVaccPersons","2021-02-26_09-03-05","detailed"
2021-02-14,"FR",0,321783,3034,0,0.09,0.94,287.71,"COVID19FullyVaccPersons","2021-02-26_09-03-05","detailed"
2021-02-15,"FR",418,321783,3452,0.13,0.1,1.07,320.14,"COVID19FullyVaccPersons","2021-02-26_09-03-05","detailed"
2021-02-16,"FR",377,321783,3829,0.12,0.1,1.19,335.57,"COVID19FullyVaccPersons","2021-02-26_09-03-05","detailed"
2021-02-17,"FR",546,321783,4375,0.17,0.12,1.36,378.86,"COVID19FullyVaccPersons","2021-02-26_09-03-05","detailed"
2021-02-18,"FR",538,321783,4913,0.17,0.12,1.53,385.86,"COVID19FullyVaccPersons","2021-02-26_09-03-05","detailed"
2021-02-19,"FR",391,321783,5304,0.12,0.12,1.65,380.14,"COVID19FullyVaccPersons","2021-02-26_09-03-05","detailed"
2021-02-20,"FR",382,321783,5686,0.12,0.12,1.77,382.29,"COVID19FullyVaccPersons","2021-02-26_09-03-05","detailed"
2021-02-21,"FR",49,321783,5735,0.02,0.12,1.78,368.43,"COVID19FullyVaccPersons","2021-02-26_09-03-05","detailed"
2021-02-22,"FR",378,321783,6113,0.12,NA,1.9,NA,"COVID19FullyVaccPersons","2021-02-26_09-03-05","detailed"
2021-02-23,"FR",392,321783,6505,0.12,NA,2.02,NA,"COVID19FullyVaccPersons","2021-02-26_09-03-05","detailed"
2021-02-24,"FR",449,321783,6954,0.14,NA,2.16,NA,"COVID19FullyVaccPersons","2021-02-26_09-03-05","detailed"
2020-12-23,"GE",0,504128,0,0,NA,0,NA,"COVID19FullyVaccPersons","2021-02-26_09-03-05","detailed"
2020-12-24,"GE",0,504128,0,0,NA,0,NA,"COVID19FullyVaccPersons","2021-02-26_09-03-05","detailed"
2020-12-25,"GE",0,504128,0,0,NA,0,NA,"COVID19FullyVaccPersons","2021-02-26_09-03-05","detailed"
2020-12-26,"GE",0,504128,0,0,0,0,0,"COVID19FullyVaccPersons","2021-02-26_09-03-05","detailed"
2020-12-27,"GE",0,504128,0,0,0,0,0,"COVID19FullyVaccPersons","2021-02-26_09-03-05","detailed"
2020-12-28,"GE",0,504128,0,0,0,0,0,"COVID19FullyVaccPersons","2021-02-26_09-03-05","detailed"
2020-12-29,"GE",0,504128,0,0,0,0,0,"COVID19FullyVaccPersons","2021-02-26_09-03-05","detailed"
2020-12-30,"GE",0,504128,0,0,0,0,0,"COVID19FullyVaccPersons","2021-02-26_09-03-05","detailed"
2020-12-31,"GE",0,504128,0,0,0,0,0,"COVID19FullyVaccPersons","2021-02-26_09-03-05","detailed"
2021-01-01,"GE",0,504128,0,0,0,0,0,"COVID19FullyVaccPersons","2021-02-26_09-03-05","detailed"
2021-01-02,"GE",0,504128,0,0,0,0,0,"COVID19FullyVaccPersons","2021-02-26_09-03-05","detailed"
2021-01-03,"GE",0,504128,0,0,0,0,0,"COVID19FullyVaccPersons","2021-02-26_09-03-05","detailed"
2021-01-04,"GE",0,504128,0,0,0,0,0,"COVID19FullyVaccPersons","2021-02-26_09-03-05","detailed"
2021-01-05,"GE",0,504128,0,0,0,0,0,"COVID19FullyVaccPersons","2021-02-26_09-03-05","detailed"
2021-01-06,"GE",0,504128,0,0,0,0,0,"COVID19FullyVaccPersons","2021-02-26_09-03-05","detailed"
2021-01-07,"GE",0,504128,0,0,0,0,0,"COVID19FullyVaccPersons","2021-02-26_09-03-05","detailed"
2021-01-08,"GE",0,504128,0,0,0,0,0.14,"COVID19FullyVaccPersons","2021-02-26_09-03-05","detailed"
2021-01-09,"GE",0,504128,0,0,0,0,0.14,"COVID19FullyVaccPersons","2021-02-26_09-03-05","detailed"
2021-01-10,"GE",0,504128,0,0,0,0,0.14,"COVID19FullyVaccPersons","2021-02-26_09-03-05","detailed"
2021-01-11,"GE",1,504128,1,0,0,0,0.29,"COVID19FullyVaccPersons","2021-02-26_09-03-05","detailed"
2021-01-12,"GE",0,504128,1,0,0,0,0.29,"COVID19FullyVaccPersons","2021-02-26_09-03-05","detailed"
2021-01-13,"GE",0,504128,1,0,0,0,0.29,"COVID19FullyVaccPersons","2021-02-26_09-03-05","detailed"
2021-01-14,"GE",1,504128,2,0,0,0,0.29,"COVID19FullyVaccPersons","2021-02-26_09-03-05","detailed"
2021-01-15,"GE",0,504128,2,0,0,0,0.14,"COVID19FullyVaccPersons","2021-02-26_09-03-05","detailed"
2021-01-16,"GE",0,504128,2,0,0,0,0.14,"COVID19FullyVaccPersons","2021-02-26_09-03-05","detailed"
2021-01-17,"GE",0,504128,2,0,0,0,0.14,"COVID19FullyVaccPersons","2021-02-26_09-03-05","detailed"
2021-01-18,"GE",0,504128,2,0,0,0,0,"COVID19FullyVaccPersons","2021-02-26_09-03-05","detailed"
2021-01-19,"GE",0,504128,2,0,0,0,0,"COVID19FullyVaccPersons","2021-02-26_09-03-05","detailed"
2021-01-20,"GE",0,504128,2,0,0,0,0,"COVID19FullyVaccPersons","2021-02-26_09-03-05","detailed"
2021-01-21,"GE",0,504128,2,0,0,0,0,"COVID19FullyVaccPersons","2021-02-26_09-03-05","detailed"
2021-01-22,"GE",0,504128,2,0,0,0,1.71,"COVID19FullyVaccPersons","2021-02-26_09-03-05","detailed"
2021-01-23,"GE",0,504128,2,0,0,0,5.43,"COVID19FullyVaccPersons","2021-02-26_09-03-05","detailed"
2021-01-24,"GE",0,504128,2,0,0,0,6,"COVID19FullyVaccPersons","2021-02-26_09-03-05","detailed"
2021-01-25,"GE",12,504128,14,0,0,0,6.86,"COVID19FullyVaccPersons","2021-02-26_09-03-05","detailed"
2021-01-26,"GE",26,504128,40,0.01,0,0.01,6.86,"COVID19FullyVaccPersons","2021-02-26_09-03-05","detailed"
2021-01-27,"GE",4,504128,44,0,0,0.01,6.86,"COVID19FullyVaccPersons","2021-02-26_09-03-05","detailed"
2021-01-28,"GE",6,504128,50,0,0,0.01,6.86,"COVID19FullyVaccPersons","2021-02-26_09-03-05","detailed"
2021-01-29,"GE",0,504128,50,0,0,0.01,5.14,"COVID19FullyVaccPersons","2021-02-26_09-03-05","detailed"
2021-01-30,"GE",0,504128,50,0,0.02,0.01,84.57,"COVID19FullyVaccPersons","2021-02-26_09-03-05","detailed"
2021-01-31,"GE",0,504128,50,0,0.03,0.01,165.57,"COVID19FullyVaccPersons","2021-02-26_09-03-05","detailed"
2021-02-01,"GE",0,504128,50,0,0.05,0.01,258.86,"COVID19FullyVaccPersons","2021-02-26_09-03-05","detailed"
2021-02-02,"GE",582,504128,632,0.12,0.07,0.13,359.43,"COVID19FullyVaccPersons","2021-02-26_09-03-05","detailed"
2021-02-03,"GE",571,504128,1203,0.11,0.07,0.24,359.43,"COVID19FullyVaccPersons","2021-02-26_09-03-05","detailed"
2021-02-04,"GE",659,504128,1862,0.13,0.07,0.37,359.43,"COVID19FullyVaccPersons","2021-02-26_09-03-05","detailed"
2021-02-05,"GE",704,504128,2566,0.14,0.09,0.51,474,"COVID19FullyVaccPersons","2021-02-26_09-03-05","detailed"
2021-02-06,"GE",0,504128,2566,0,0.1,0.51,515.43,"COVID19FullyVaccPersons","2021-02-26_09-03-05","detailed"
2021-02-07,"GE",0,504128,2566,0,0.11,0.51,562.86,"COVID19FullyVaccPersons","2021-02-26_09-03-05","detailed"
2021-02-08,"GE",802,504128,3368,0.16,0.12,0.67,595,"COVID19FullyVaccPersons","2021-02-26_09-03-05","detailed"
2021-02-09,"GE",872,504128,4240,0.17,0.12,0.84,614.29,"COVID19FullyVaccPersons","2021-02-26_09-03-05","detailed"
2021-02-10,"GE",903,504128,5143,0.18,0.12,1.02,614.29,"COVID19FullyVaccPersons","2021-02-26_09-03-05","detailed"
2021-02-11,"GE",884,504128,6027,0.18,0.12,1.2,614.29,"COVID19FullyVaccPersons","2021-02-26_09-03-05","detailed"
2021-02-12,"GE",839,504128,6866,0.17,0.12,1.36,586.43,"COVID19FullyVaccPersons","2021-02-26_09-03-05","detailed"
2021-02-13,"GE",0,504128,6866,0,0.12,1.36,591.71,"COVID19FullyVaccPersons","2021-02-26_09-03-05","detailed"
2021-02-14,"GE",0,504128,6866,0,0.12,1.36,619.57,"COVID19FullyVaccPersons","2021-02-26_09-03-05","detailed"
2021-02-15,"GE",607,504128,7473,0.12,0.12,1.48,624.14,"COVID19FullyVaccPersons","2021-02-26_09-03-05","detailed"
2021-02-16,"GE",909,504128,8382,0.18,0.13,1.66,678.71,"COVID19FullyVaccPersons","2021-02-26_09-03-05","detailed"
2021-02-17,"GE",1098,504128,9480,0.22,0.13,1.88,678.71,"COVID19FullyVaccPersons","2021-02-26_09-03-05","detailed"
2021-02-18,"GE",916,504128,10396,0.18,0.13,2.06,678.71,"COVID19FullyVaccPersons","2021-02-26_09-03-05","detailed"
2021-02-19,"GE",1221,504128,11617,0.24,0.14,2.3,718.14,"COVID19FullyVaccPersons","2021-02-26_09-03-05","detailed"
2021-02-20,"GE",0,504128,11617,0,0.15,2.3,733.86,"COVID19FullyVaccPersons","2021-02-26_09-03-05","detailed"
2021-02-21,"GE",0,504128,11617,0,0.15,2.3,761.29,"COVID19FullyVaccPersons","2021-02-26_09-03-05","detailed"
2021-02-22,"GE",883,504128,12500,0.18,NA,2.48,NA,"COVID19FullyVaccPersons","2021-02-26_09-03-05","detailed"
2021-02-23,"GE",1019,504128,13519,0.2,NA,2.68,NA,"COVID19FullyVaccPersons","2021-02-26_09-03-05","detailed"
2021-02-24,"GE",1290,504128,14809,0.26,NA,2.94,NA,"COVID19FullyVaccPersons","2021-02-26_09-03-05","detailed"
2020-12-23,"SH",0,82348,0,0,NA,0,NA,"COVID19FullyVaccPersons","2021-02-26_09-03-05","detailed"
2020-12-24,"SH",0,82348,0,0,NA,0,NA,"COVID19FullyVaccPersons","2021-02-26_09-03-05","detailed"
2020-12-25,"SH",0,82348,0,0,NA,0,NA,"COVID19FullyVaccPersons","2021-02-26_09-03-05","detailed"
2020-12-26,"SH",0,82348,0,0,0,0,0,"COVID19FullyVaccPersons","2021-02-26_09-03-05","detailed"
2020-12-27,"SH",0,82348,0,0,0,0,0,"COVID19FullyVaccPersons","2021-02-26_09-03-05","detailed"
2020-12-28,"SH",0,82348,0,0,0,0,0,"COVID19FullyVaccPersons","2021-02-26_09-03-05","detailed"
2020-12-29,"SH",0,82348,0,0,0,0,0,"COVID19FullyVaccPersons","2021-02-26_09-03-05","detailed"
2020-12-30,"SH",0,82348,0,0,0,0,0,"COVID19FullyVaccPersons","2021-02-26_09-03-05","detailed"
2020-12-31,"SH",0,82348,0,0,0,0,0,"COVID19FullyVaccPersons","2021-02-26_09-03-05","detailed"
2021-01-01,"SH",0,82348,0,0,0,0,0,"COVID19FullyVaccPersons","2021-02-26_09-03-05","detailed"
2021-01-02,"SH",0,82348,0,0,0,0,0,"COVID19FullyVaccPersons","2021-02-26_09-03-05","detailed"
2021-01-03,"SH",0,82348,0,0,0,0,0,"COVID19FullyVaccPersons","2021-02-26_09-03-05","detailed"
2021-01-04,"SH",0,82348,0,0,0,0,0,"COVID19FullyVaccPersons","2021-02-26_09-03-05","detailed"
2021-01-05,"SH",0,82348,0,0,0,0,0,"COVID19FullyVaccPersons","2021-02-26_09-03-05","detailed"
2021-01-06,"SH",0,82348,0,0,0,0,0,"COVID19FullyVaccPersons","2021-02-26_09-03-05","detailed"
2021-01-07,"SH",0,82348,0,0,0,0,0,"COVID19FullyVaccPersons","2021-02-26_09-03-05","detailed"
2021-01-08,"SH",0,82348,0,0,0,0,0,"COVID19FullyVaccPersons","2021-02-26_09-03-05","detailed"
2021-01-09,"SH",0,82348,0,0,0,0,0.14,"COVID19FullyVaccPersons","2021-02-26_09-03-05","detailed"
2021-01-10,"SH",0,82348,0,0,0,0,0.14,"COVID19FullyVaccPersons","2021-02-26_09-03-05","detailed"
2021-01-11,"SH",0,82348,0,0,0,0,0.14,"COVID19FullyVaccPersons","2021-02-26_09-03-05","detailed"
2021-01-12,"SH",1,82348,1,0,0,0,0.14,"COVID19FullyVaccPersons","2021-02-26_09-03-05","detailed"
2021-01-13,"SH",0,82348,1,0,0,0,0.14,"COVID19FullyVaccPersons","2021-02-26_09-03-05","detailed"
2021-01-14,"SH",0,82348,1,0,0,0,0.14,"COVID19FullyVaccPersons","2021-02-26_09-03-05","detailed"
2021-01-15,"SH",0,82348,1,0,0,0,0.14,"COVID19FullyVaccPersons","2021-02-26_09-03-05","detailed"
2021-01-16,"SH",0,82348,1,0,0,0,0,"COVID19FullyVaccPersons","2021-02-26_09-03-05","detailed"
2021-01-17,"SH",0,82348,1,0,0,0,0,"COVID19FullyVaccPersons","2021-02-26_09-03-05","detailed"
2021-01-18,"SH",0,82348,1,0,0,0,0.29,"COVID19FullyVaccPersons","2021-02-26_09-03-05","detailed"
2021-01-19,"SH",0,82348,1,0,0,0,0.29,"COVID19FullyVaccPersons","2021-02-26_09-03-05","detailed"
2021-01-20,"SH",0,82348,1,0,0.02,0,13.71,"COVID19FullyVaccPersons","2021-02-26_09-03-05","detailed"
2021-01-21,"SH",2,82348,3,0,0.02,0,13.71,"COVID19FullyVaccPersons","2021-02-26_09-03-05","detailed"
2021-01-22,"SH",0,82348,3,0,0.02,0,13.71,"COVID19FullyVaccPersons","2021-02-26_09-03-05","detailed"
2021-01-23,"SH",94,82348,97,0.11,0.02,0.12,13.71,"COVID19FullyVaccPersons","2021-02-26_09-03-05","detailed"
2021-01-24,"SH",0,82348,97,0,0.02,0.12,14,"COVID19FullyVaccPersons","2021-02-26_09-03-05","detailed"
2021-01-25,"SH",0,82348,97,0,0.04,0.12,37.57,"COVID19FullyVaccPersons","2021-02-26_09-03-05","detailed"
2021-01-26,"SH",0,82348,97,0,0.04,0.12,37.71,"COVID19FullyVaccPersons","2021-02-26_09-03-05","detailed"
2021-01-27,"SH",2,82348,99,0,0.03,0.12,24.29,"COVID19FullyVaccPersons","2021-02-26_09-03-05","detailed"
2021-01-28,"SH",167,82348,266,0.2,0.03,0.32,24.29,"COVID19FullyVaccPersons","2021-02-26_09-03-05","detailed"
2021-01-29,"SH",1,82348,267,0,0.03,0.32,28.29,"COVID19FullyVaccPersons","2021-02-26_09-03-05","detailed"
2021-01-30,"SH",0,82348,267,0,0.03,0.32,28.29,"COVID19FullyVaccPersons","2021-02-26_09-03-05","detailed"
2021-01-31,"SH",0,82348,267,0,0.03,0.32,28.14,"COVID19FullyVaccPersons","2021-02-26_09-03-05","detailed"
2021-02-01,"SH",28,82348,295,0.03,0,0.36,4.57,"COVID19FullyVaccPersons","2021-02-26_09-03-05","detailed"
2021-02-02,"SH",0,82348,295,0,0,0.36,4.86,"COVID19FullyVaccPersons","2021-02-26_09-03-05","detailed"
2021-02-03,"SH",1,82348,296,0,0,0.36,4.86,"COVID19FullyVaccPersons","2021-02-26_09-03-05","detailed"
2021-02-04,"SH",2,82348,298,0,0,0.36,4.86,"COVID19FullyVaccPersons","2021-02-26_09-03-05","detailed"
2021-02-05,"SH",3,82348,301,0,0.04,0.37,32.57,"COVID19FullyVaccPersons","2021-02-26_09-03-05","detailed"
2021-02-06,"SH",0,82348,301,0,0.07,0.37,58.57,"COVID19FullyVaccPersons","2021-02-26_09-03-05","detailed"
2021-02-07,"SH",0,82348,301,0,0.11,0.37,93.86,"COVID19FullyVaccPersons","2021-02-26_09-03-05","detailed"
2021-02-08,"SH",222,82348,523,0.27,0.17,0.64,138.14,"COVID19FullyVaccPersons","2021-02-26_09-03-05","detailed"
2021-02-09,"SH",182,82348,705,0.22,0.21,0.86,171.57,"COVID19FullyVaccPersons","2021-02-26_09-03-05","detailed"
2021-02-10,"SH",248,82348,953,0.3,0.21,1.16,171.57,"COVID19FullyVaccPersons","2021-02-26_09-03-05","detailed"
2021-02-11,"SH",312,82348,1265,0.38,0.21,1.54,171.57,"COVID19FullyVaccPersons","2021-02-26_09-03-05","detailed"
2021-02-12,"SH",237,82348,1502,0.29,0.19,1.82,158.43,"COVID19FullyVaccPersons","2021-02-26_09-03-05","detailed"
2021-02-13,"SH",0,82348,1502,0,0.22,1.82,182.14,"COVID19FullyVaccPersons","2021-02-26_09-03-05","detailed"
2021-02-14,"SH",0,82348,1502,0,0.22,1.82,184.14,"COVID19FullyVaccPersons","2021-02-26_09-03-05","detailed"
2021-02-15,"SH",130,82348,1632,0.16,0.3,1.98,247.71,"COVID19FullyVaccPersons","2021-02-26_09-03-05","detailed"
2021-02-16,"SH",348,82348,1980,0.42,0.3,2.4,249.57,"COVID19FullyVaccPersons","2021-02-26_09-03-05","detailed"
2021-02-17,"SH",262,82348,2242,0.32,0.3,2.72,249.57,"COVID19FullyVaccPersons","2021-02-26_09-03-05","detailed"
2021-02-18,"SH",757,82348,2999,0.92,0.3,3.64,249.57,"COVID19FullyVaccPersons","2021-02-26_09-03-05","detailed"
2021-02-19,"SH",250,82348,3249,0.3,0.33,3.95,272.43,"COVID19FullyVaccPersons","2021-02-26_09-03-05","detailed"
2021-02-20,"SH",0,82348,3249,0,0.28,3.95,227,"COVID19FullyVaccPersons","2021-02-26_09-03-05","detailed"
2021-02-21,"SH",0,82348,3249,0,0.23,3.95,189.71,"COVID19FullyVaccPersons","2021-02-26_09-03-05","detailed"
2021-02-22,"SH",290,82348,3539,0.35,NA,4.3,NA,"COVID19FullyVaccPersons","2021-02-26_09-03-05","detailed"
2021-02-23,"SH",30,82348,3569,0.04,NA,4.33,NA,"COVID19FullyVaccPersons","2021-02-26_09-03-05","detailed"
2021-02-24,"SH",1,82348,3570,0,NA,4.34,NA,"COVID19FullyVaccPersons","2021-02-26_09-03-05","detailed"
2020-12-23,"VD",0,805098,0,0,NA,0,NA,"COVID19FullyVaccPersons","2021-02-26_09-03-05","detailed"
2020-12-24,"VD",0,805098,0,0,NA,0,NA,"COVID19FullyVaccPersons","2021-02-26_09-03-05","detailed"
2020-12-25,"VD",0,805098,0,0,NA,0,NA,"COVID19FullyVaccPersons","2021-02-26_09-03-05","detailed"
2020-12-26,"VD",0,805098,0,0,0,0,0,"COVID19FullyVaccPersons","2021-02-26_09-03-05","detailed"
2020-12-27,"VD",0,805098,0,0,0,0,0,"COVID19FullyVaccPersons","2021-02-26_09-03-05","detailed"
2020-12-28,"VD",0,805098,0,0,0,0,0,"COVID19FullyVaccPersons","2021-02-26_09-03-05","detailed"
2020-12-29,"VD",0,805098,0,0,0,0,0,"COVID19FullyVaccPersons","2021-02-26_09-03-05","detailed"
2020-12-30,"VD",0,805098,0,0,0,0,0,"COVID19FullyVaccPersons","2021-02-26_09-03-05","detailed"
2020-12-31,"VD",0,805098,0,0,0,0,0,"COVID19FullyVaccPersons","2021-02-26_09-03-05","detailed"
2021-01-01,"VD",0,805098,0,0,0,0,0,"COVID19FullyVaccPersons","2021-02-26_09-03-05","detailed"
2021-01-02,"VD",0,805098,0,0,0,0,0,"COVID19FullyVaccPersons","2021-02-26_09-03-05","detailed"
2021-01-03,"VD",0,805098,0,0,0,0,0,"COVID19FullyVaccPersons","2021-02-26_09-03-05","detailed"
2021-01-04,"VD",0,805098,0,0,0,0,0,"COVID19FullyVaccPersons","2021-02-26_09-03-05","detailed"
2021-01-05,"VD",0,805098,0,0,0,0,0,"COVID19FullyVaccPersons","2021-02-26_09-03-05","detailed"
2021-01-06,"VD",0,805098,0,0,0,0,0,"COVID19FullyVaccPersons","2021-02-26_09-03-05","detailed"
2021-01-07,"VD",0,805098,0,0,0,0,0,"COVID19FullyVaccPersons","2021-02-26_09-03-05","detailed"
2021-01-08,"VD",0,805098,0,0,0,0,0,"COVID19FullyVaccPersons","2021-02-26_09-03-05","detailed"
2021-01-09,"VD",0,805098,0,0,0,0,0,"COVID19FullyVaccPersons","2021-02-26_09-03-05","detailed"
2021-01-10,"VD",0,805098,0,0,0,0,0,"COVID19FullyVaccPersons","2021-02-26_09-03-05","detailed"
2021-01-11,"VD",0,805098,0,0,0,0,0,"COVID19FullyVaccPersons","2021-02-26_09-03-05","detailed"
2021-01-12,"VD",0,805098,0,0,0,0,0,"COVID19FullyVaccPersons","2021-02-26_09-03-05","detailed"
2021-01-13,"VD",0,805098,0,0,0,0,0,"COVID19FullyVaccPersons","2021-02-26_09-03-05","detailed"
2021-01-14,"VD",0,805098,0,0,0,0,0,"COVID19FullyVaccPersons","2021-02-26_09-03-05","detailed"
2021-01-15,"VD",0,805098,0,0,0,0,0,"COVID19FullyVaccPersons","2021-02-26_09-03-05","detailed"
2021-01-16,"VD",0,805098,0,0,0,0,0,"COVID19FullyVaccPersons","2021-02-26_09-03-05","detailed"
2021-01-17,"VD",0,805098,0,0,0,0,0,"COVID19FullyVaccPersons","2021-02-26_09-03-05","detailed"
2021-01-18,"VD",0,805098,0,0,0,0,0,"COVID19FullyVaccPersons","2021-02-26_09-03-05","detailed"
2021-01-19,"VD",0,805098,0,0,0,0,0,"COVID19FullyVaccPersons","2021-02-26_09-03-05","detailed"
2021-01-20,"VD",0,805098,0,0,0,0,0,"COVID19FullyVaccPersons","2021-02-26_09-03-05","detailed"
2021-01-21,"VD",0,805098,0,0,0,0,0,"COVID19FullyVaccPersons","2021-02-26_09-03-05","detailed"
2021-01-22,"VD",0,805098,0,0,0,0,0.14,"COVID19FullyVaccPersons","2021-02-26_09-03-05","detailed"
2021-01-23,"VD",0,805098,0,0,0,0,0.14,"COVID19FullyVaccPersons","2021-02-26_09-03-05","detailed"
2021-01-24,"VD",0,805098,0,0,0,0,11.43,"COVID19FullyVaccPersons","2021-02-26_09-03-05","detailed"
2021-01-25,"VD",1,805098,1,0,0,0,13.14,"COVID19FullyVaccPersons","2021-02-26_09-03-05","detailed"
2021-01-26,"VD",0,805098,1,0,0,0,13.29,"COVID19FullyVaccPersons","2021-02-26_09-03-05","detailed"
2021-01-27,"VD",79,805098,80,0.01,0,0.01,13.29,"COVID19FullyVaccPersons","2021-02-26_09-03-05","detailed"
2021-01-28,"VD",12,805098,92,0,0,0.01,13.29,"COVID19FullyVaccPersons","2021-02-26_09-03-05","detailed"
2021-01-29,"VD",1,805098,93,0,0.01,0.01,49.86,"COVID19FullyVaccPersons","2021-02-26_09-03-05","detailed"
2021-01-30,"VD",0,805098,93,0,0.01,0.01,80.14,"COVID19FullyVaccPersons","2021-02-26_09-03-05","detailed"
2021-01-31,"VD",0,805098,93,0,0.01,0.01,117.43,"COVID19FullyVaccPersons","2021-02-26_09-03-05","detailed"
2021-02-01,"VD",257,805098,350,0.03,0.02,0.04,150.14,"COVID19FullyVaccPersons","2021-02-26_09-03-05","detailed"
2021-02-02,"VD",212,805098,562,0.03,0.03,0.07,202.29,"COVID19FullyVaccPersons","2021-02-26_09-03-05","detailed"
2021-02-03,"VD",340,805098,902,0.04,0.03,0.11,209.57,"COVID19FullyVaccPersons","2021-02-26_09-03-05","detailed"
2021-02-04,"VD",241,805098,1143,0.03,0.03,0.14,220.86,"COVID19FullyVaccPersons","2021-02-26_09-03-05","detailed"
2021-02-05,"VD",366,805098,1509,0.05,0.05,0.19,365.29,"COVID19FullyVaccPersons","2021-02-26_09-03-05","detailed"
2021-02-06,"VD",51,805098,1560,0.01,0.06,0.19,498.86,"COVID19FullyVaccPersons","2021-02-26_09-03-05","detailed"
2021-02-07,"VD",79,805098,1639,0.01,0.08,0.2,611.43,"COVID19FullyVaccPersons","2021-02-26_09-03-05","detailed"
2021-02-08,"VD",1268,805098,2907,0.16,0.1,0.36,808,"COVID19FullyVaccPersons","2021-02-26_09-03-05","detailed"
2021-02-09,"VD",1147,805098,4054,0.14,0.12,0.5,994.57,"COVID19FullyVaccPersons","2021-02-26_09-03-05","detailed"
2021-02-10,"VD",1128,805098,5182,0.14,0.13,0.64,1023.14,"COVID19FullyVaccPersons","2021-02-26_09-03-05","detailed"
2021-02-11,"VD",1617,805098,6799,0.2,0.13,0.84,1050.29,"COVID19FullyVaccPersons","2021-02-26_09-03-05","detailed"
2021-02-12,"VD",1672,805098,8471,0.21,0.13,1.05,1075.43,"COVID19FullyVaccPersons","2021-02-26_09-03-05","detailed"
2021-02-13,"VD",251,805098,8722,0.03,0.14,1.08,1104.86,"COVID19FullyVaccPersons","2021-02-26_09-03-05","detailed"
2021-02-14,"VD",269,805098,8991,0.03,0.14,1.12,1102.86,"COVID19FullyVaccPersons","2021-02-26_09-03-05","detailed"
2021-02-15,"VD",1444,805098,10435,0.18,0.13,1.3,1047.57,"COVID19FullyVaccPersons","2021-02-26_09-03-05","detailed"
2021-02-16,"VD",1353,805098,11788,0.17,0.12,1.46,992.29,"COVID19FullyVaccPersons","2021-02-26_09-03-05","detailed"
2021-02-17,"VD",1114,805098,12902,0.14,0.12,1.6,980.71,"COVID19FullyVaccPersons","2021-02-26_09-03-05","detailed"
2021-02-18,"VD",1230,805098,14132,0.15,0.12,1.76,942.29,"COVID19FullyVaccPersons","2021-02-26_09-03-05","detailed"
2021-02-19,"VD",1285,805098,15417,0.16,0.11,1.91,923,"COVID19FullyVaccPersons","2021-02-26_09-03-05","detailed"
2021-02-20,"VD",170,805098,15587,0.02,0.13,1.94,1034.29,"COVID19FullyVaccPersons","2021-02-26_09-03-05","detailed"
2021-02-21,"VD",0,805098,15587,0,0.15,1.94,1180.57,"COVID19FullyVaccPersons","2021-02-26_09-03-05","detailed"
2021-02-22,"VD",1309,805098,16896,0.16,NA,2.1,NA,"COVID19FullyVaccPersons","2021-02-26_09-03-05","detailed"
2021-02-23,"VD",2132,805098,19028,0.26,NA,2.36,NA,"COVID19FullyVaccPersons","2021-02-26_09-03-05","detailed"
2021-02-24,"VD",2138,805098,21166,0.27,NA,2.63,NA,"COVID19FullyVaccPersons","2021-02-26_09-03-05","detailed"
2020-12-23,"ZG",0,127642,0,0,NA,0,NA,"COVID19FullyVaccPersons","2021-02-26_09-03-05","detailed"
2020-12-24,"ZG",0,127642,0,0,NA,0,NA,"COVID19FullyVaccPersons","2021-02-26_09-03-05","detailed"
2020-12-25,"ZG",0,127642,0,0,NA,0,NA,"COVID19FullyVaccPersons","2021-02-26_09-03-05","detailed"
2020-12-26,"ZG",0,127642,0,0,0,0,0.43,"COVID19FullyVaccPersons","2021-02-26_09-03-05","detailed"
2020-12-27,"ZG",0,127642,0,0,0,0,0.43,"COVID19FullyVaccPersons","2021-02-26_09-03-05","detailed"
2020-12-28,"ZG",0,127642,0,0,0,0,0.43,"COVID19FullyVaccPersons","2021-02-26_09-03-05","detailed"
2020-12-29,"ZG",3,127642,3,0,0,0,0.43,"COVID19FullyVaccPersons","2021-02-26_09-03-05","detailed"
2020-12-30,"ZG",0,127642,3,0,0,0,0.43,"COVID19FullyVaccPersons","2021-02-26_09-03-05","detailed"
2020-12-31,"ZG",0,127642,3,0,0,0,0.43,"COVID19FullyVaccPersons","2021-02-26_09-03-05","detailed"
2021-01-01,"ZG",0,127642,3,0,0,0,0.43,"COVID19FullyVaccPersons","2021-02-26_09-03-05","detailed"
2021-01-02,"ZG",0,127642,3,0,0,0,0,"COVID19FullyVaccPersons","2021-02-26_09-03-05","detailed"
2021-01-03,"ZG",0,127642,3,0,0,0,0,"COVID19FullyVaccPersons","2021-02-26_09-03-05","detailed"
2021-01-04,"ZG",0,127642,3,0,0,0,0,"COVID19FullyVaccPersons","2021-02-26_09-03-05","detailed"
2021-01-05,"ZG",0,127642,3,0,0,0,0,"COVID19FullyVaccPersons","2021-02-26_09-03-05","detailed"
2021-01-06,"ZG",0,127642,3,0,0,0,0,"COVID19FullyVaccPersons","2021-02-26_09-03-05","detailed"
2021-01-07,"ZG",0,127642,3,0,0,0,0,"COVID19FullyVaccPersons","2021-02-26_09-03-05","detailed"
2021-01-08,"ZG",0,127642,3,0,0,0,0,"COVID19FullyVaccPersons","2021-02-26_09-03-05","detailed"
2021-01-09,"ZG",0,127642,3,0,0,0,0,"COVID19FullyVaccPersons","2021-02-26_09-03-05","detailed"
2021-01-10,"ZG",0,127642,3,0,0.01,0,14.14,"COVID19FullyVaccPersons","2021-02-26_09-03-05","detailed"
2021-01-11,"ZG",0,127642,3,0,0.02,0,22.86,"COVID19FullyVaccPersons","2021-02-26_09-03-05","detailed"
2021-01-12,"ZG",0,127642,3,0,0.02,0,29.29,"COVID19FullyVaccPersons","2021-02-26_09-03-05","detailed"
2021-01-13,"ZG",99,127642,102,0.08,0.02,0.08,29.57,"COVID19FullyVaccPersons","2021-02-26_09-03-05","detailed"
2021-01-14,"ZG",61,127642,163,0.05,0.02,0.13,29.57,"COVID19FullyVaccPersons","2021-02-26_09-03-05","detailed"
2021-01-15,"ZG",45,127642,208,0.04,0.02,0.16,30,"COVID19FullyVaccPersons","2021-02-26_09-03-05","detailed"
2021-01-16,"ZG",2,127642,210,0,0.03,0.16,31,"COVID19FullyVaccPersons","2021-02-26_09-03-05","detailed"
2021-01-17,"ZG",0,127642,210,0,0.02,0.16,19.29,"COVID19FullyVaccPersons","2021-02-26_09-03-05","detailed"
2021-01-18,"ZG",3,127642,213,0,0.02,0.17,24.43,"COVID19FullyVaccPersons","2021-02-26_09-03-05","detailed"
2021-01-19,"ZG",7,127642,220,0.01,0.02,0.17,20.86,"COVID19FullyVaccPersons","2021-02-26_09-03-05","detailed"
2021-01-20,"ZG",17,127642,237,0.01,0.02,0.19,20.71,"COVID19FullyVaccPersons","2021-02-26_09-03-05","detailed"
2021-01-21,"ZG",97,127642,334,0.08,0.02,0.26,20.71,"COVID19FullyVaccPersons","2021-02-26_09-03-05","detailed"
2021-01-22,"ZG",20,127642,354,0.02,0.02,0.28,21,"COVID19FullyVaccPersons","2021-02-26_09-03-05","detailed"
2021-01-23,"ZG",1,127642,355,0,0.02,0.28,20.29,"COVID19FullyVaccPersons","2021-02-26_09-03-05","detailed"
2021-01-24,"ZG",0,127642,355,0,0.01,0.28,17.86,"COVID19FullyVaccPersons","2021-02-26_09-03-05","detailed"
2021-01-25,"ZG",5,127642,360,0,0,0.28,4,"COVID19FullyVaccPersons","2021-02-26_09-03-05","detailed"
2021-01-26,"ZG",2,127642,362,0,0,0.28,1.14,"COVID19FullyVaccPersons","2021-02-26_09-03-05","detailed"
2021-01-27,"ZG",0,127642,362,0,0,0.28,1,"COVID19FullyVaccPersons","2021-02-26_09-03-05","detailed"
2021-01-28,"ZG",0,127642,362,0,0,0.28,1,"COVID19FullyVaccPersons","2021-02-26_09-03-05","detailed"
2021-01-29,"ZG",0,127642,362,0,0.01,0.28,9.29,"COVID19FullyVaccPersons","2021-02-26_09-03-05","detailed"
2021-01-30,"ZG",0,127642,362,0,0.01,0.28,18,"COVID19FullyVaccPersons","2021-02-26_09-03-05","detailed"
2021-01-31,"ZG",0,127642,362,0,0.03,0.28,37.14,"COVID19FullyVaccPersons","2021-02-26_09-03-05","detailed"
2021-02-01,"ZG",63,127642,425,0.05,0.04,0.33,48,"COVID19FullyVaccPersons","2021-02-26_09-03-05","detailed"
2021-02-02,"ZG",63,127642,488,0.05,0.05,0.38,65.43,"COVID19FullyVaccPersons","2021-02-26_09-03-05","detailed"
2021-02-03,"ZG",134,127642,622,0.1,0.06,0.49,78.43,"COVID19FullyVaccPersons","2021-02-26_09-03-05","detailed"
2021-02-04,"ZG",76,127642,698,0.06,0.06,0.55,82.57,"COVID19FullyVaccPersons","2021-02-26_09-03-05","detailed"
2021-02-05,"ZG",122,127642,820,0.1,0.06,0.64,81.29,"COVID19FullyVaccPersons","2021-02-26_09-03-05","detailed"
2021-02-06,"ZG",91,127642,911,0.07,0.08,0.71,102.29,"COVID19FullyVaccPersons","2021-02-26_09-03-05","detailed"
2021-02-07,"ZG",29,127642,940,0.02,0.07,0.74,95.86,"COVID19FullyVaccPersons","2021-02-26_09-03-05","detailed"
2021-02-08,"ZG",54,127642,994,0.04,0.08,0.78,97.71,"COVID19FullyVaccPersons","2021-02-26_09-03-05","detailed"
2021-02-09,"ZG",210,127642,1204,0.16,0.08,0.94,97.71,"COVID19FullyVaccPersons","2021-02-26_09-03-05","detailed"
2021-02-10,"ZG",89,127642,1293,0.07,0.09,1.01,118.57,"COVID19FullyVaccPersons","2021-02-26_09-03-05","detailed"
2021-02-11,"ZG",89,127642,1382,0.07,0.12,1.08,147.43,"COVID19FullyVaccPersons","2021-02-26_09-03-05","detailed"
2021-02-12,"ZG",122,127642,1504,0.1,0.14,1.18,172.43,"COVID19FullyVaccPersons","2021-02-26_09-03-05","detailed"
2021-02-13,"ZG",237,127642,1741,0.19,0.17,1.36,212,"COVID19FullyVaccPersons","2021-02-26_09-03-05","detailed"
2021-02-14,"ZG",231,127642,1972,0.18,0.23,1.54,293.71,"COVID19FullyVaccPersons","2021-02-26_09-03-05","detailed"
2021-02-15,"ZG",229,127642,2201,0.18,0.3,1.72,385.71,"COVID19FullyVaccPersons","2021-02-26_09-03-05","detailed"
2021-02-16,"ZG",487,127642,2688,0.38,0.37,2.11,476.86,"COVID19FullyVaccPersons","2021-02-26_09-03-05","detailed"
2021-02-17,"ZG",661,127642,3349,0.52,0.41,2.62,517.43,"COVID19FullyVaccPersons","2021-02-26_09-03-05","detailed"
2021-02-18,"ZG",733,127642,4082,0.57,0.44,3.2,560.43,"COVID19FullyVaccPersons","2021-02-26_09-03-05","detailed"
2021-02-19,"ZG",760,127642,4842,0.6,0.44,3.79,564.71,"COVID19FullyVaccPersons","2021-02-26_09-03-05","detailed"
2021-02-20,"ZG",521,127642,5363,0.41,0.42,4.2,532,"COVID19FullyVaccPersons","2021-02-26_09-03-05","detailed"
2021-02-21,"ZG",532,127642,5895,0.42,0.37,4.62,470.71,"COVID19FullyVaccPersons","2021-02-26_09-03-05","detailed"
2021-02-22,"ZG",259,127642,6154,0.2,NA,4.82,NA,"COVID19FullyVaccPersons","2021-02-26_09-03-05","detailed"
2021-02-23,"ZG",258,127642,6412,0.2,NA,5.02,NA,"COVID19FullyVaccPersons","2021-02-26_09-03-05","detailed"
2021-02-24,"ZG",232,127642,6644,0.18,NA,5.21,NA,"COVID19FullyVaccPersons","2021-02-26_09-03-05","detailed"
2021-02-14,"AG",NA,685845,5292,NA,NA,0.77,NA,"COVID19FullyVaccPersons","2021-02-24_23-59-00","summary"
2021-02-15,"AG",NA,685845,5292,NA,NA,0.77,NA,"COVID19FullyVaccPersons","2021-02-24_23-59-00","summary"
2021-02-16,"AG",NA,685845,5292,NA,NA,0.77,NA,"COVID19FullyVaccPersons","2021-02-24_23-59-00","summary"
2021-02-17,"AG",NA,685845,8357,NA,NA,1.22,NA,"COVID19FullyVaccPersons","2021-02-24_23-59-00","summary"
2021-02-18,"AG",NA,685845,8357,NA,NA,1.22,NA,"COVID19FullyVaccPersons","2021-02-24_23-59-00","summary"
2021-02-19,"AG",NA,685845,8357,NA,NA,1.22,NA,"COVID19FullyVaccPersons","2021-02-24_23-59-00","summary"
2021-02-20,"AG",NA,685845,8357,NA,NA,1.22,NA,"COVID19FullyVaccPersons","2021-02-24_23-59-00","summary"
2021-02-21,"AG",NA,685845,11017,NA,NA,1.61,NA,"COVID19FullyVaccPersons","2021-02-24_23-59-00","summary"
2021-02-22,"AG",NA,685845,11017,NA,NA,1.61,NA,"COVID19FullyVaccPersons","2021-02-24_23-59-00","summary"
2021-02-23,"AG",NA,685845,11017,NA,NA,1.61,NA,"COVID19FullyVaccPersons","2021-02-24_23-59-00","summary"
2021-02-24,"AG",NA,685845,14963,NA,NA,2.18,NA,"COVID19FullyVaccPersons","2021-02-24_23-59-00","summary"
2021-02-14,"BL",NA,289468,7559,NA,NA,2.61,NA,"COVID19FullyVaccPersons","2021-02-24_23-59-00","summary"
2021-02-15,"BL",NA,289468,7559,NA,NA,2.61,NA,"COVID19FullyVaccPersons","2021-02-24_23-59-00","summary"
2021-02-16,"BL",NA,289468,7559,NA,NA,2.61,NA,"COVID19FullyVaccPersons","2021-02-24_23-59-00","summary"
2021-02-17,"BL",NA,289468,7898,NA,NA,2.73,NA,"COVID19FullyVaccPersons","2021-02-24_23-59-00","summary"
2021-02-18,"BL",NA,289468,7898,NA,NA,2.73,NA,"COVID19FullyVaccPersons","2021-02-24_23-59-00","summary"
2021-02-19,"BL",NA,289468,7898,NA,NA,2.73,NA,"COVID19FullyVaccPersons","2021-02-24_23-59-00","summary"
2021-02-20,"BL",NA,289468,7898,NA,NA,2.73,NA,"COVID19FullyVaccPersons","2021-02-24_23-59-00","summary"
2021-02-21,"BL",NA,289468,8041,NA,NA,2.78,NA,"COVID19FullyVaccPersons","2021-02-24_23-59-00","summary"
2021-02-22,"BL",NA,289468,8041,NA,NA,2.78,NA,"COVID19FullyVaccPersons","2021-02-24_23-59-00","summary"
2021-02-23,"BL",NA,289468,8041,NA,NA,2.78,NA,"COVID19FullyVaccPersons","2021-02-24_23-59-00","summary"
2021-02-24,"BL",NA,289468,8586,NA,NA,2.97,NA,"COVID19FullyVaccPersons","2021-02-24_23-59-00","summary"
2021-02-14,"BS",NA,195844,6912,NA,NA,3.53,NA,"COVID19FullyVaccPersons","2021-02-24_23-59-00","summary"
2021-02-15,"BS",NA,195844,6912,NA,NA,3.53,NA,"COVID19FullyVaccPersons","2021-02-24_23-59-00","summary"
2021-02-16,"BS",NA,195844,6912,NA,NA,3.53,NA,"COVID19FullyVaccPersons","2021-02-24_23-59-00","summary"
2021-02-17,"BS",NA,195844,8563,NA,NA,4.37,NA,"COVID19FullyVaccPersons","2021-02-24_23-59-00","summary"
2021-02-18,"BS",NA,195844,8563,NA,NA,4.37,NA,"COVID19FullyVaccPersons","2021-02-24_23-59-00","summary"
2021-02-19,"BS",NA,195844,8563,NA,NA,4.37,NA,"COVID19FullyVaccPersons","2021-02-24_23-59-00","summary"
2021-02-20,"BS",NA,195844,8563,NA,NA,4.37,NA,"COVID19FullyVaccPersons","2021-02-24_23-59-00","summary"
2021-02-21,"BS",NA,195844,8690,NA,NA,4.44,NA,"COVID19FullyVaccPersons","2021-02-24_23-59-00","summary"
2021-02-22,"BS",NA,195844,8690,NA,NA,4.44,NA,"COVID19FullyVaccPersons","2021-02-24_23-59-00","summary"
2021-02-23,"BS",NA,195844,8690,NA,NA,4.44,NA,"COVID19FullyVaccPersons","2021-02-24_23-59-00","summary"
2021-02-24,"BS",NA,195844,9568,NA,NA,4.89,NA,"COVID19FullyVaccPersons","2021-02-24_23-59-00","summary"
2021-02-14,"GL",NA,40590,828,NA,NA,2.04,NA,"COVID19FullyVaccPersons","2021-02-24_23-59-00","summary"
2021-02-15,"GL",NA,40590,828,NA,NA,2.04,NA,"COVID19FullyVaccPersons","2021-02-24_23-59-00","summary"
2021-02-16,"GL",NA,40590,828,NA,NA,2.04,NA,"COVID19FullyVaccPersons","2021-02-24_23-59-00","summary"
2021-02-17,"GL",NA,40590,966,NA,NA,2.38,NA,"COVID19FullyVaccPersons","2021-02-24_23-59-00","summary"
2021-02-18,"GL",NA,40590,966,NA,NA,2.38,NA,"COVID19FullyVaccPersons","2021-02-24_23-59-00","summary"
2021-02-19,"GL",NA,40590,966,NA,NA,2.38,NA,"COVID19FullyVaccPersons","2021-02-24_23-59-00","summary"
2021-02-20,"GL",NA,40590,966,NA,NA,2.38,NA,"COVID19FullyVaccPersons","2021-02-24_23-59-00","summary"
2021-02-21,"GL",NA,40590,1181,NA,NA,2.91,NA,"COVID19FullyVaccPersons","2021-02-24_23-59-00","summary"
2021-02-22,"GL",NA,40590,1181,NA,NA,2.91,NA,"COVID19FullyVaccPersons","2021-02-24_23-59-00","summary"
2021-02-23,"GL",NA,40590,1181,NA,NA,2.91,NA,"COVID19FullyVaccPersons","2021-02-24_23-59-00","summary"
2021-02-24,"GL",NA,40590,1924,NA,NA,4.74,NA,"COVID19FullyVaccPersons","2021-02-24_23-59-00","summary"
2021-02-14,"GR",NA,199021,4317,NA,NA,2.17,NA,"COVID19FullyVaccPersons","2021-02-24_23-59-00","summary"
2021-02-15,"GR",NA,199021,4317,NA,NA,2.17,NA,"COVID19FullyVaccPersons","2021-02-24_23-59-00","summary"
2021-02-16,"GR",NA,199021,4317,NA,NA,2.17,NA,"COVID19FullyVaccPersons","2021-02-24_23-59-00","summary"
2021-02-17,"GR",NA,199021,4329,NA,NA,2.18,NA,"COVID19FullyVaccPersons","2021-02-24_23-59-00","summary"
2021-02-18,"GR",NA,199021,4329,NA,NA,2.18,NA,"COVID19FullyVaccPersons","2021-02-24_23-59-00","summary"
2021-02-19,"GR",NA,199021,4329,NA,NA,2.18,NA,"COVID19FullyVaccPersons","2021-02-24_23-59-00","summary"
2021-02-20,"GR",NA,199021,4329,NA,NA,2.18,NA,"COVID19FullyVaccPersons","2021-02-24_23-59-00","summary"
2021-02-21,"GR",NA,199021,4395,NA,NA,2.21,NA,"COVID19FullyVaccPersons","2021-02-24_23-59-00","summary"
2021-02-22,"GR",NA,199021,4395,NA,NA,2.21,NA,"COVID19FullyVaccPersons","2021-02-24_23-59-00","summary"
2021-02-23,"GR",NA,199021,4395,NA,NA,2.21,NA,"COVID19FullyVaccPersons","2021-02-24_23-59-00","summary"
2021-02-24,"GR",NA,199021,5808,NA,NA,2.92,NA,"COVID19FullyVaccPersons","2021-02-24_23-59-00","summary"
2021-02-14,"JU",NA,73584,974,NA,NA,1.32,NA,"COVID19FullyVaccPersons","2021-02-24_23-59-00","summary"
2021-02-15,"JU",NA,73584,974,NA,NA,1.32,NA,"COVID19FullyVaccPersons","2021-02-24_23-59-00","summary"
2021-02-16,"JU",NA,73584,974,NA,NA,1.32,NA,"COVID19FullyVaccPersons","2021-02-24_23-59-00","summary"
2021-02-17,"JU",NA,73584,1434,NA,NA,1.95,NA,"COVID19FullyVaccPersons","2021-02-24_23-59-00","summary"
2021-02-18,"JU",NA,73584,1434,NA,NA,1.95,NA,"COVID19FullyVaccPersons","2021-02-24_23-59-00","summary"
2021-02-19,"JU",NA,73584,1434,NA,NA,1.95,NA,"COVID19FullyVaccPersons","2021-02-24_23-59-00","summary"
2021-02-20,"JU",NA,73584,1434,NA,NA,1.95,NA,"COVID19FullyVaccPersons","2021-02-24_23-59-00","summary"
2021-02-21,"JU",NA,73584,1791,NA,NA,2.43,NA,"COVID19FullyVaccPersons","2021-02-24_23-59-00","summary"
2021-02-22,"JU",NA,73584,1791,NA,NA,2.43,NA,"COVID19FullyVaccPersons","2021-02-24_23-59-00","summary"
2021-02-23,"JU",NA,73584,1791,NA,NA,2.43,NA,"COVID19FullyVaccPersons","2021-02-24_23-59-00","summary"
2021-02-24,"JU",NA,73584,2072,NA,NA,2.82,NA,"COVID19FullyVaccPersons","2021-02-24_23-59-00","summary"
2021-02-14,"LU",NA,413120,7123,NA,NA,1.72,NA,"COVID19FullyVaccPersons","2021-02-24_23-59-00","summary"
2021-02-15,"LU",NA,413120,7123,NA,NA,1.72,NA,"COVID19FullyVaccPersons","2021-02-24_23-59-00","summary"
2021-02-16,"LU",NA,413120,7123,NA,NA,1.72,NA,"COVID19FullyVaccPersons","2021-02-24_23-59-00","summary"
2021-02-17,"LU",NA,413120,7985,NA,NA,1.93,NA,"COVID19FullyVaccPersons","2021-02-24_23-59-00","summary"
2021-02-18,"LU",NA,413120,7985,NA,NA,1.93,NA,"COVID19FullyVaccPersons","2021-02-24_23-59-00","summary"
2021-02-19,"LU",NA,413120,7985,NA,NA,1.93,NA,"COVID19FullyVaccPersons","2021-02-24_23-59-00","summary"
2021-02-20,"LU",NA,413120,7985,NA,NA,1.93,NA,"COVID19FullyVaccPersons","2021-02-24_23-59-00","summary"
2021-02-21,"LU",NA,413120,10801,NA,NA,2.61,NA,"COVID19FullyVaccPersons","2021-02-24_23-59-00","summary"
2021-02-22,"LU",NA,413120,10801,NA,NA,2.61,NA,"COVID19FullyVaccPersons","2021-02-24_23-59-00","summary"
2021-02-23,"LU",NA,413120,10801,NA,NA,2.61,NA,"COVID19FullyVaccPersons","2021-02-24_23-59-00","summary"
2021-02-24,"LU",NA,413120,13477,NA,NA,3.26,NA,"COVID19FullyVaccPersons","2021-02-24_23-59-00","summary"
2021-02-14,"NE",NA,176496,877,NA,NA,0.5,NA,"COVID19FullyVaccPersons","2021-02-24_23-59-00","summary"
2021-02-15,"NE",NA,176496,877,NA,NA,0.5,NA,"COVID19FullyVaccPersons","2021-02-24_23-59-00","summary"
2021-02-16,"NE",NA,176496,877,NA,NA,0.5,NA,"COVID19FullyVaccPersons","2021-02-24_23-59-00","summary"
2021-02-17,"NE",NA,176496,1220,NA,NA,0.69,NA,"COVID19FullyVaccPersons","2021-02-24_23-59-00","summary"
2021-02-18,"NE",NA,176496,1220,NA,NA,0.69,NA,"COVID19FullyVaccPersons","2021-02-24_23-59-00","summary"
2021-02-19,"NE",NA,176496,1220,NA,NA,0.69,NA,"COVID19FullyVaccPersons","2021-02-24_23-59-00","summary"
2021-02-20,"NE",NA,176496,1220,NA,NA,0.69,NA,"COVID19FullyVaccPersons","2021-02-24_23-59-00","summary"
2021-02-21,"NE",NA,176496,1722,NA,NA,0.98,NA,"COVID19FullyVaccPersons","2021-02-24_23-59-00","summary"
2021-02-22,"NE",NA,176496,1722,NA,NA,0.98,NA,"COVID19FullyVaccPersons","2021-02-24_23-59-00","summary"
2021-02-23,"NE",NA,176496,1722,NA,NA,0.98,NA,"COVID19FullyVaccPersons","2021-02-24_23-59-00","summary"
2021-02-24,"NE",NA,176496,2572,NA,NA,1.46,NA,"COVID19FullyVaccPersons","2021-02-24_23-59-00","summary"
2021-02-14,"NW",NA,43087,1830,NA,NA,4.25,NA,"COVID19FullyVaccPersons","2021-02-24_23-59-00","summary"
2021-02-15,"NW",NA,43087,1830,NA,NA,4.25,NA,"COVID19FullyVaccPersons","2021-02-24_23-59-00","summary"
2021-02-16,"NW",NA,43087,1830,NA,NA,4.25,NA,"COVID19FullyVaccPersons","2021-02-24_23-59-00","summary"
2021-02-17,"NW",NA,43087,1830,NA,NA,4.25,NA,"COVID19FullyVaccPersons","2021-02-24_23-59-00","summary"
2021-02-18,"NW",NA,43087,1830,NA,NA,4.25,NA,"COVID19FullyVaccPersons","2021-02-24_23-59-00","summary"
2021-02-19,"NW",NA,43087,1830,NA,NA,4.25,NA,"COVID19FullyVaccPersons","2021-02-24_23-59-00","summary"
2021-02-20,"NW",NA,43087,1830,NA,NA,4.25,NA,"COVID19FullyVaccPersons","2021-02-24_23-59-00","summary"
2021-02-21,"NW",NA,43087,2042,NA,NA,4.74,NA,"COVID19FullyVaccPersons","2021-02-24_23-59-00","summary"
2021-02-22,"NW",NA,43087,2042,NA,NA,4.74,NA,"COVID19FullyVaccPersons","2021-02-24_23-59-00","summary"
2021-02-23,"NW",NA,43087,2042,NA,NA,4.74,NA,"COVID19FullyVaccPersons","2021-02-24_23-59-00","summary"
2021-02-24,"NW",NA,43087,3004,NA,NA,6.97,NA,"COVID19FullyVaccPersons","2021-02-24_23-59-00","summary"
2021-02-14,"OW",NA,37930,1015,NA,NA,2.68,NA,"COVID19FullyVaccPersons","2021-02-24_23-59-00","summary"
2021-02-15,"OW",NA,37930,1015,NA,NA,2.68,NA,"COVID19FullyVaccPersons","2021-02-24_23-59-00","summary"
2021-02-16,"OW",NA,37930,1015,NA,NA,2.68,NA,"COVID19FullyVaccPersons","2021-02-24_23-59-00","summary"
2021-02-17,"OW",NA,37930,1250,NA,NA,3.3,NA,"COVID19FullyVaccPersons","2021-02-24_23-59-00","summary"
2021-02-18,"OW",NA,37930,1250,NA,NA,3.3,NA,"COVID19FullyVaccPersons","2021-02-24_23-59-00","summary"
2021-02-19,"OW",NA,37930,1250,NA,NA,3.3,NA,"COVID19FullyVaccPersons","2021-02-24_23-59-00","summary"
2021-02-20,"OW",NA,37930,1250,NA,NA,3.3,NA,"COVID19FullyVaccPersons","2021-02-24_23-59-00","summary"
2021-02-21,"OW",NA,37930,1440,NA,NA,3.8,NA,"COVID19FullyVaccPersons","2021-02-24_23-59-00","summary"
2021-02-22,"OW",NA,37930,1440,NA,NA,3.8,NA,"COVID19FullyVaccPersons","2021-02-24_23-59-00","summary"
2021-02-23,"OW",NA,37930,1440,NA,NA,3.8,NA,"COVID19FullyVaccPersons","2021-02-24_23-59-00","summary"
2021-02-24,"OW",NA,37930,1860,NA,NA,4.9,NA,"COVID19FullyVaccPersons","2021-02-24_23-59-00","summary"
2021-02-14,"SG",NA,510734,1864,NA,NA,0.36,NA,"COVID19FullyVaccPersons","2021-02-24_23-59-00","summary"
2021-02-15,"SG",NA,510734,1864,NA,NA,0.36,NA,"COVID19FullyVaccPersons","2021-02-24_23-59-00","summary"
2021-02-16,"SG",NA,510734,1864,NA,NA,0.36,NA,"COVID19FullyVaccPersons","2021-02-24_23-59-00","summary"
2021-02-17,"SG",NA,510734,3318,NA,NA,0.65,NA,"COVID19FullyVaccPersons","2021-02-24_23-59-00","summary"
2021-02-18,"SG",NA,510734,3318,NA,NA,0.65,NA,"COVID19FullyVaccPersons","2021-02-24_23-59-00","summary"
2021-02-19,"SG",NA,510734,3318,NA,NA,0.65,NA,"COVID19FullyVaccPersons","2021-02-24_23-59-00","summary"
2021-02-20,"SG",NA,510734,3318,NA,NA,0.65,NA,"COVID19FullyVaccPersons","2021-02-24_23-59-00","summary"
2021-02-21,"SG",NA,510734,4263,NA,NA,0.83,NA,"COVID19FullyVaccPersons","2021-02-24_23-59-00","summary"
2021-02-22,"SG",NA,510734,4263,NA,NA,0.83,NA,"COVID19FullyVaccPersons","2021-02-24_23-59-00","summary"
2021-02-23,"SG",NA,510734,4263,NA,NA,0.83,NA,"COVID19FullyVaccPersons","2021-02-24_23-59-00","summary"
2021-02-24,"SG",NA,510734,6033,NA,NA,1.18,NA,"COVID19FullyVaccPersons","2021-02-24_23-59-00","summary"
2021-02-14,"SO",NA,275247,5812,NA,NA,2.11,NA,"COVID19FullyVaccPersons","2021-02-24_23-59-00","summary"
2021-02-15,"SO",NA,275247,5812,NA,NA,2.11,NA,"COVID19FullyVaccPersons","2021-02-24_23-59-00","summary"
2021-02-16,"SO",NA,275247,5812,NA,NA,2.11,NA,"COVID19FullyVaccPersons","2021-02-24_23-59-00","summary"
2021-02-17,"SO",NA,275247,8202,NA,NA,2.98,NA,"COVID19FullyVaccPersons","2021-02-24_23-59-00","summary"
2021-02-18,"SO",NA,275247,8202,NA,NA,2.98,NA,"COVID19FullyVaccPersons","2021-02-24_23-59-00","summary"
2021-02-19,"SO",NA,275247,8202,NA,NA,2.98,NA,"COVID19FullyVaccPersons","2021-02-24_23-59-00","summary"
2021-02-20,"SO",NA,275247,8202,NA,NA,2.98,NA,"COVID19FullyVaccPersons","2021-02-24_23-59-00","summary"
2021-02-21,"SO",NA,275247,10573,NA,NA,3.84,NA,"COVID19FullyVaccPersons","2021-02-24_23-59-00","summary"
2021-02-22,"SO",NA,275247,10573,NA,NA,3.84,NA,"COVID19FullyVaccPersons","2021-02-24_23-59-00","summary"
2021-02-23,"SO",NA,275247,10573,NA,NA,3.84,NA,"COVID19FullyVaccPersons","2021-02-24_23-59-00","summary"
2021-02-24,"SO",NA,275247,12676,NA,NA,4.61,NA,"COVID19FullyVaccPersons","2021-02-24_23-59-00","summary"
2021-02-14,"SZ",NA,160480,2705,NA,NA,1.69,NA,"COVID19FullyVaccPersons","2021-02-24_23-59-00","summary"
2021-02-15,"SZ",NA,160480,2705,NA,NA,1.69,NA,"COVID19FullyVaccPersons","2021-02-24_23-59-00","summary"
2021-02-16,"SZ",NA,160480,2705,NA,NA,1.69,NA,"COVID19FullyVaccPersons","2021-02-24_23-59-00","summary"
2021-02-17,"SZ",NA,160480,3095,NA,NA,1.93,NA,"COVID19FullyVaccPersons","2021-02-24_23-59-00","summary"
2021-02-18,"SZ",NA,160480,3095,NA,NA,1.93,NA,"COVID19FullyVaccPersons","2021-02-24_23-59-00","summary"
2021-02-19,"SZ",NA,160480,3095,NA,NA,1.93,NA,"COVID19FullyVaccPersons","2021-02-24_23-59-00","summary"
2021-02-20,"SZ",NA,160480,3095,NA,NA,1.93,NA,"COVID19FullyVaccPersons","2021-02-24_23-59-00","summary"
2021-02-21,"SZ",NA,160480,3330,NA,NA,2.08,NA,"COVID19FullyVaccPersons","2021-02-24_23-59-00","summary"
2021-02-22,"SZ",NA,160480,3330,NA,NA,2.08,NA,"COVID19FullyVaccPersons","2021-02-24_23-59-00","summary"
2021-02-23,"SZ",NA,160480,3330,NA,NA,2.08,NA,"COVID19FullyVaccPersons","2021-02-24_23-59-00","summary"
2021-02-24,"SZ",NA,160480,3860,NA,NA,2.41,NA,"COVID19FullyVaccPersons","2021-02-24_23-59-00","summary"
2021-02-14,"TG",NA,279547,1741,NA,NA,0.62,NA,"COVID19FullyVaccPersons","2021-02-24_23-59-00","summary"
2021-02-15,"TG",NA,279547,1741,NA,NA,0.62,NA,"COVID19FullyVaccPersons","2021-02-24_23-59-00","summary"
2021-02-16,"TG",NA,279547,1741,NA,NA,0.62,NA,"COVID19FullyVaccPersons","2021-02-24_23-59-00","summary"
2021-02-17,"TG",NA,279547,2806,NA,NA,1,NA,"COVID19FullyVaccPersons","2021-02-24_23-59-00","summary"
2021-02-18,"TG",NA,279547,2806,NA,NA,1,NA,"COVID19FullyVaccPersons","2021-02-24_23-59-00","summary"
2021-02-19,"TG",NA,279547,2806,NA,NA,1,NA,"COVID19FullyVaccPersons","2021-02-24_23-59-00","summary"
2021-02-20,"TG",NA,279547,2806,NA,NA,1,NA,"COVID19FullyVaccPersons","2021-02-24_23-59-00","summary"
2021-02-21,"TG",NA,279547,3805,NA,NA,1.36,NA,"COVID19FullyVaccPersons","2021-02-24_23-59-00","summary"
2021-02-22,"TG",NA,279547,3805,NA,NA,1.36,NA,"COVID19FullyVaccPersons","2021-02-24_23-59-00","summary"
2021-02-23,"TG",NA,279547,3805,NA,NA,1.36,NA,"COVID19FullyVaccPersons","2021-02-24_23-59-00","summary"
2021-02-24,"TG",NA,279547,5097,NA,NA,1.82,NA,"COVID19FullyVaccPersons","2021-02-24_23-59-00","summary"
2021-02-14,"TI",NA,351491,8984,NA,NA,2.56,NA,"COVID19FullyVaccPersons","2021-02-24_23-59-00","summary"
2021-02-15,"TI",NA,351491,8984,NA,NA,2.56,NA,"COVID19FullyVaccPersons","2021-02-24_23-59-00","summary"
2021-02-16,"TI",NA,351491,8984,NA,NA,2.56,NA,"COVID19FullyVaccPersons","2021-02-24_23-59-00","summary"
2021-02-17,"TI",NA,351491,9250,NA,NA,2.63,NA,"COVID19FullyVaccPersons","2021-02-24_23-59-00","summary"
2021-02-18,"TI",NA,351491,9250,NA,NA,2.63,NA,"COVID19FullyVaccPersons","2021-02-24_23-59-00","summary"
2021-02-19,"TI",NA,351491,9250,NA,NA,2.63,NA,"COVID19FullyVaccPersons","2021-02-24_23-59-00","summary"
2021-02-20,"TI",NA,351491,9250,NA,NA,2.63,NA,"COVID19FullyVaccPersons","2021-02-24_23-59-00","summary"
2021-02-21,"TI",NA,351491,9728,NA,NA,2.77,NA,"COVID19FullyVaccPersons","2021-02-24_23-59-00","summary"
2021-02-22,"TI",NA,351491,9728,NA,NA,2.77,NA,"COVID19FullyVaccPersons","2021-02-24_23-59-00","summary"
2021-02-23,"TI",NA,351491,9728,NA,NA,2.77,NA,"COVID19FullyVaccPersons","2021-02-24_23-59-00","summary"
2021-02-24,"TI",NA,351491,12019,NA,NA,3.42,NA,"COVID19FullyVaccPersons","2021-02-24_23-59-00","summary"
2021-02-14,"UR",NA,36703,1030,NA,NA,2.81,NA,"COVID19FullyVaccPersons","2021-02-24_23-59-00","summary"
2021-02-15,"UR",NA,36703,1030,NA,NA,2.81,NA,"COVID19FullyVaccPersons","2021-02-24_23-59-00","summary"
2021-02-16,"UR",NA,36703,1030,NA,NA,2.81,NA,"COVID19FullyVaccPersons","2021-02-24_23-59-00","summary"
2021-02-17,"UR",NA,36703,1342,NA,NA,3.66,NA,"COVID19FullyVaccPersons","2021-02-24_23-59-00","summary"
2021-02-18,"UR",NA,36703,1342,NA,NA,3.66,NA,"COVID19FullyVaccPersons","2021-02-24_23-59-00","summary"
2021-02-19,"UR",NA,36703,1342,NA,NA,3.66,NA,"COVID19FullyVaccPersons","2021-02-24_23-59-00","summary"
2021-02-20,"UR",NA,36703,1342,NA,NA,3.66,NA,"COVID19FullyVaccPersons","2021-02-24_23-59-00","summary"
2021-02-21,"UR",NA,36703,1501,NA,NA,4.09,NA,"COVID19FullyVaccPersons","2021-02-24_23-59-00","summary"
2021-02-22,"UR",NA,36703,1501,NA,NA,4.09,NA,"COVID19FullyVaccPersons","2021-02-24_23-59-00","summary"
2021-02-23,"UR",NA,36703,1501,NA,NA,4.09,NA,"COVID19FullyVaccPersons","2021-02-24_23-59-00","summary"
2021-02-24,"UR",NA,36703,1581,NA,NA,4.31,NA,"COVID19FullyVaccPersons","2021-02-24_23-59-00","summary"
2021-02-14,"VS",NA,345525,5715,NA,NA,1.65,NA,"COVID19FullyVaccPersons","2021-02-24_23-59-00","summary"
2021-02-15,"VS",NA,345525,5715,NA,NA,1.65,NA,"COVID19FullyVaccPersons","2021-02-24_23-59-00","summary"
2021-02-16,"VS",NA,345525,5715,NA,NA,1.65,NA,"COVID19FullyVaccPersons","2021-02-24_23-59-00","summary"
2021-02-17,"VS",NA,345525,8885,NA,NA,2.57,NA,"COVID19FullyVaccPersons","2021-02-24_23-59-00","summary"
2021-02-18,"VS",NA,345525,8885,NA,NA,2.57,NA,"COVID19FullyVaccPersons","2021-02-24_23-59-00","summary"
2021-02-19,"VS",NA,345525,8885,NA,NA,2.57,NA,"COVID19FullyVaccPersons","2021-02-24_23-59-00","summary"
2021-02-20,"VS",NA,345525,8885,NA,NA,2.57,NA,"COVID19FullyVaccPersons","2021-02-24_23-59-00","summary"
2021-02-21,"VS",NA,345525,10165,NA,NA,2.94,NA,"COVID19FullyVaccPersons","2021-02-24_23-59-00","summary"
2021-02-22,"VS",NA,345525,10165,NA,NA,2.94,NA,"COVID19FullyVaccPersons","2021-02-24_23-59-00","summary"
2021-02-23,"VS",NA,345525,10165,NA,NA,2.94,NA,"COVID19FullyVaccPersons","2021-02-24_23-59-00","summary"
2021-02-24,"VS",NA,345525,12660,NA,NA,3.66,NA,"COVID19FullyVaccPersons","2021-02-24_23-59-00","summary"
2021-02-14,"ZH",NA,1539275,9194,NA,NA,0.6,NA,"COVID19FullyVaccPersons","2021-02-24_23-59-00","summary"
2021-02-15,"ZH",NA,1539275,9194,NA,NA,0.6,NA,"COVID19FullyVaccPersons","2021-02-24_23-59-00","summary"
2021-02-16,"ZH",NA,1539275,9194,NA,NA,0.6,NA,"COVID19FullyVaccPersons","2021-02-24_23-59-00","summary"
2021-02-17,"ZH",NA,1539275,12281,NA,NA,0.8,NA,"COVID19FullyVaccPersons","2021-02-24_23-59-00","summary"
2021-02-18,"ZH",NA,1539275,12281,NA,NA,0.8,NA,"COVID19FullyVaccPersons","2021-02-24_23-59-00","summary"
2021-02-19,"ZH",NA,1539275,12281,NA,NA,0.8,NA,"COVID19FullyVaccPersons","2021-02-24_23-59-00","summary"
2021-02-20,"ZH",NA,1539275,12281,NA,NA,0.8,NA,"COVID19FullyVaccPersons","2021-02-24_23-59-00","summary"
2021-02-21,"ZH",NA,1539275,19526,NA,NA,1.27,NA,"COVID19FullyVaccPersons","2021-02-24_23-59-00","summary"
2021-02-22,"ZH",NA,1539275,19526,NA,NA,1.27,NA,"COVID19FullyVaccPersons","2021-02-24_23-59-00","summary"
2021-02-23,"ZH",NA,1539275,19526,NA,NA,1.27,NA,"COVID19FullyVaccPersons","2021-02-24_23-59-00","summary"
2021-02-24,"ZH",NA,1539275,26093,NA,NA,1.7,NA,"COVID19FullyVaccPersons","2021-02-24_23-59-00","summary"
2021-02-14,"CHFL",NA,8644780,102409,NA,NA,1.18,NA,"COVID19FullyVaccPersons","2021-02-24_23-59-00","summary"
2021-02-15,"CHFL",NA,8644780,107267,NA,NA,1.24,NA,"COVID19FullyVaccPersons","2021-02-24_23-59-00","summary"
2021-02-16,"CHFL",NA,8644780,113024,NA,NA,1.31,NA,"COVID19FullyVaccPersons","2021-02-24_23-59-00","summary"
2021-02-17,"CHFL",NA,8644780,138037,NA,NA,1.6,NA,"COVID19FullyVaccPersons","2021-02-24_23-59-00","summary"
2021-02-18,"CHFL",NA,8644780,144497,NA,NA,1.67,NA,"COVID19FullyVaccPersons","2021-02-24_23-59-00","summary"
2021-02-19,"CHFL",NA,8644780,150765,NA,NA,1.74,NA,"COVID19FullyVaccPersons","2021-02-24_23-59-00","summary"
2021-02-20,"CHFL",NA,8644780,151877,NA,NA,1.76,NA,"COVID19FullyVaccPersons","2021-02-24_23-59-00","summary"
2021-02-21,"CHFL",NA,8644780,173458,NA,NA,2.01,NA,"COVID19FullyVaccPersons","2021-02-24_23-59-00","summary"
2021-02-22,"CHFL",NA,8644780,178728,NA,NA,2.07,NA,"COVID19FullyVaccPersons","2021-02-24_23-59-00","summary"
2021-02-23,"CHFL",NA,8644780,184905,NA,NA,2.14,NA,"COVID19FullyVaccPersons","2021-02-24_23-59-00","summary"
2021-02-24,"CHFL",NA,8644780,221259,NA,NA,2.56,NA,"COVID19FullyVaccPersons","2021-02-24_23-59-00","summary"
2021-02-14,"CH",NA,8606033,102080,NA,NA,1.19,NA,"COVID19FullyVaccPersons","2021-02-24_23-59-00","summary"
2021-02-15,"CH",NA,8606033,106864,NA,NA,1.24,NA,"COVID19FullyVaccPersons","2021-02-24_23-59-00","summary"
2021-02-16,"CH",NA,8606033,112577,NA,NA,1.31,NA,"COVID19FullyVaccPersons","2021-02-24_23-59-00","summary"
2021-02-17,"CH",NA,8606033,137590,NA,NA,1.6,NA,"COVID19FullyVaccPersons","2021-02-24_23-59-00","summary"
2021-02-18,"CH",NA,8606033,144050,NA,NA,1.67,NA,"COVID19FullyVaccPersons","2021-02-24_23-59-00","summary"
2021-02-19,"CH",NA,8606033,150318,NA,NA,1.75,NA,"COVID19FullyVaccPersons","2021-02-24_23-59-00","summary"
2021-02-20,"CH",NA,8606033,151430,NA,NA,1.76,NA,"COVID19FullyVaccPersons","2021-02-24_23-59-00","summary"
2021-02-21,"CH",NA,8606033,173011,NA,NA,2.01,NA,"COVID19FullyVaccPersons","2021-02-24_23-59-00","summary"
2021-02-22,"CH",NA,8606033,178281,NA,NA,2.07,NA,"COVID19FullyVaccPersons","2021-02-24_23-59-00","summary"
2021-02-23,"CH",NA,8606033,184458,NA,NA,2.14,NA,"COVID19FullyVaccPersons","2021-02-24_23-59-00","summary"
2021-02-24,"CH",NA,8606033,220812,NA,NA,2.57,NA,"COVID19FullyVaccPersons","2021-02-24_23-59-00","summary"